,id,titles,recommendations,views,regdate,author,link,contents,sentiments,summary
0,28177,아란8섭 반왕 수준이 너무 더럽네요,0,6,23.07.05,?????,https://cafe.daum.net/ArcheAgeWar/ZmF6/28177,"초반에 레드가 잘못하긴 했지만 요새 하는거보면 반왕쪽에서 막피하고 중립들 건들고 막피하는데 카톡방공유하고 하는수준이 딱 채창수준이네요 영어로 연 철옹성 이런애들 그냥 하수구 인생같아요 하는짓이 너무 저렴하고 시장통같습니다전창으로 욕하는애들이 반왕인데 하는짓이 저러니 중립들이 도와주질안습니다 욕하는수준보세요 ㅋㅋㅋ  라인은 중립안건드는데 반왕애들이 중립 너무 괴롭혀요 지들이 왕인줄아는거같습니당 ㅠ.ㅠ 섭이전 나오면 런할애들인데 제네있는데가지마세요 더럽게 겜해요~ 특히 저 철옹성이란 사람은 못배워서 패드립에 욕난무하는사람인데 저런애들이 대표적인 하수구인생같습니다 

",0.2,"레드는 초반에 실수를 했지만, 요새는 반왕쪽에서 막피하고 중립들을 건드린다. 카톡방을 공유하고 수준이 채창이다. 그리고 영어로 연 철옹성과 같은 애들은 너무 저렴하고 시장통이다. 반왕인데 욕을 하는데 그런 행동 때문에 중립들이 도움을 주지 않는다. 라인은 중립을 건드리지 않지만, 반왕들이 중립을 괴롭힌다. 자기들이 왕인 줄 알고요. 섭이전에 나왔다는 건 런할 사람인데, 제네가 있는 곳에 가지 마세요. 너무 더러운 게임을 한다. 특히 철옹성이라는 사람은 못 배우고 패드립하고 욕을 하는 사람인데, 그런 애들이 대표적인 하수구 인생 같다."
1,28176,용살자 길드원들은 들으라,0,56,23.07.05,엘도라도,https://cafe.daum.net/ArcheAgeWar/ZmF6/28176,"돌려놓으면 쫒아다니면서 죽이고, 타 길드 탈퇴하래서 탈퇴까지 했는데또 그짓들 하고 있는 이유가 뭐냐?그나마도 재미 없어지려 하는데,  승질까지 나게 하네....최소한의 예의는 지키면서 게임합시다.용살자 길드원니임들

",0.6,"해당 길드원은 게임 내에서 다른 사람을 따라다니면서 죽이고, 타 길드를 탈퇴하여도 같은 행동을 반복하고 있는데 그 이유가 무엇인지 궁금합니다. 게임을 재미 없게 만들려는 시도까지 하여 화를 내게 만드는데, 최소한의 예의를 지키면서 게임을 즐겨주세요. 용살자 길드원 여러분."
2,28175,영템ㅡㅡㅋ 어이가읍땅ㅋ,0,131,23.07.05,어흥,https://cafe.daum.net/ArcheAgeWar/ZmF6/28175,"ㅋㅋㅋㅋ 평일에 쫌 나와야 하는거 아니냐!!

",-0.3,평일에 출근 시간이 좀 늦어져야 할 것 같습니다.
3,28172,밸런스 관련해서 개발자노트라도 올려라,0,78,23.07.05,zizijh222,https://cafe.daum.net/ArcheAgeWar/ZmF6/28172,"이만큼 언급되면 뭐라도 설명이라도 있어야지눈귀입쳐막고 뭐하자는거지

",-0.1,이 건의사항은 눈귀를 막고 뭘 해야하는지에 대한 설명이 반드시 필요하다.
4,28171,키프로사 이사갈 유저님들 제가 카톡방 하나 만들었어요,0,61,23.07.05,봉님,https://cafe.daum.net/ArcheAgeWar/ZmF6/28171,"서로 정보도 공유하고~ 마음 맞으면 같이 이사도 가고~ 어떠십니까 유저님들 이미 축섭인곳에서 다 같이 즐겨봐요 이미 정떨어진 서버는 버리고 새로 같이 시작했으면 해서 글 남겨봅니다. 어디가 축섭일지는 모르지만ㅋㅋ 서로 공유된게 없으니.. 대화라도 나눠봐요~ https://open.kakao.com/o/gWZkhJtf

",0.8,서로 정보 공유하고 이사도 함께 가며 축섭인곳에서 함께 즐길 수 있는 유저님들과 새로운 서버에서 시작하고 싶습니다. 대화라도 나누어 보시겠어요? (https://open.kakao.com/o/gWZkhJtf)
5,28170,진1서버 6렙길드이상,0,111,23.07.05,토끼패는당근,https://cafe.daum.net/ArcheAgeWar/ZmF6/28170,"ㄱㅎㅇ

",-0.5,"건의사항을 한문장으로 요약하면 ""건의사항을 제출합니다."""
6,28169,진서버 서버이전 토론,0,274,23.07.05,진서버소식통,https://cafe.daum.net/ArcheAgeWar/ZmF6/28169,"첫 공성 세금이 아직 남아있는 진 8 서버가 뜨거운 상황입니다. 현재 여러소식통을 통해 들은바로 알트  파괴본능 구매했고  서버이전 열리면 진8로 옮긴다는 정보  진 34567  메인캐릭들이  진8 반왕에 붙어 파괴본능과 붙을 준비를 한다는 소식  진8로 이전하여 공성& 쌀먹을 시도 하려했던인원들은 신중히 고민해야 하는상황 (통제될가능성 99%)  이전 갈만한 서버  진 1진 7  진1 - 통제없는것으로 알고있다진-2 통제 있는걸로 진-3 통제 있는걸로 진-4 통제 있는걸로 진 -5 헬파티 진 -6 통제 있는걸로 진7 - 통제없고  랭킹순위 1-3 등 빼고   라인전력이 약한것으로 추정  

",-0.7,"아직 남아있는 진 8 서버는 첫 공성 세금으로 인해 뜨거운 상황이다. 몇몇 소식통으로부터 알게 된 정보에 따르면 알트 파괴본능을 구매했고, 서버이전이 열리면 진 8로 이동할 예정이다. 진 34567의 메인 캐릭터들은 진 8 반왕에 붙어 파괴본능과 싸우기 위해 준비 중이다. 이동하여 공성과 쌀 무리를 시도하려고 했던 사람들은 현재 신중하게 결정해야 하는 상황이다. 다른 이전 가능한 서버로는 진 1, 진 7이 있는데, 진 1은 통제가 없고 진 7은 랭킹 순위 1-3을 제외하고 전력이 약한 것으로 추정된다."
7,28168,진5 이거 무슨일이냐?,0,343,23.07.05,키마이라,https://cafe.daum.net/ArcheAgeWar/ZmF6/28168,"먼일이래냐 내분 일어났냐? ㅋㅋㅋㅋㅋㅋㅋ

",-0.4,건의사항: 현재 있는 내분 상황에 대해 확인해주세요.
8,28167,~~~~~키프5섭 이전 금지 눈으로 확인 후 하셔요 ~~ 후회 합니다 ~~,0,87,23.07.05,QkQk,https://cafe.daum.net/ArcheAgeWar/ZmF6/28167,"도서관/곤.4.5모든  틈새 통제보스는 당연히 통제뭔가 이득이  된다면 ~ 다 통제입니다 완전 양아치입니다 지금 통제로인해  전쟁중입니다  깡패길드 길마는 도서관에서 렙업함 순위  놓칠까봐 동맹이/ 밑에 따까리들이  전쟁에 참여 전체창에 시끄럽게하면 개인적대 걸고  의뢰서도 못하게함 깡패 본길드 총알바지 길드 {대행사/초식}작업장 길드 몆개{야쓰} 매트로길드 전쟁중인 길드 혁명/랭커/사랑  지금 전쟁중입니다 {사랑홧팅} 키프5섭 검색 해보세요  깡패{쿠지}{아쓰} 길드 매크로 길드 {깡패}와 동맹 입니다 결론 아마도 깡패에  길드에 많은 매크로들이 있을듯합니다   부케만드시고  눈으로 확인후 이전하세요절대 오지마세요  이서버에 진짜 오시면 후회합니다참고!!! 서버이전 나오면  모든 통제 풀고  서버이전 안되면 다시 `` 이런식으로 할  양아치입니다 후회 마시고  절대 오지마세요  절대  !! 후회함 다른분들도  스트레스 받을 것 같아   글올립니다 그리고  댓글이 반대쪽 으로 반대글적는 분들은아마도{깡페} 쪽 아이들이전 끝날때까지 이 글  계속 올립니다보신분 양해 바랍니다

",-0.9,"도서관에서는 모든 틈새 통제를 하고 있고, 이로 인해 전쟁이 발발하고 있다. 동맹들이 시끄럽게 전쟁을 벌이고 있어 개인적 대거나 의뢰서도 못하게 되는 상황이다. 결론적으로 깡패 길드에는 매크로들이 많을 것으로 추정되며, 서버 이전 시 모든 통제를 푸는 양아치들이라고 경고한다. 이 글은 스트레스를 받는 사람들을 위해 올린 것이며, 반대하는 댓글은 깡패들의 의도로 생각된다. 서버 이전이 안될 경우 계속해서 이러한 글이 올라갈 것이니 양해를 바란다."
9,28166,영구정지...,0,241,23.07.05,타양84re,https://cafe.daum.net/ArcheAgeWar/ZmF6/28166,"비정상적으로 플레이한 기록이 있어 이용을 제한 했다고 하는데 정확한 이유는 안 알려 주네요.3월부터 엊그제까지 거의 쉬지 않고 달려왔는데 한순간에 계정이 사라져 버렸네요.활로 쭉 자사나 돌리다 회의가 느껴져 가지고 있던 장비 싹 지르고 팔릴만큼 질러진것만 팔아 영뽑해서 다른것 좀 키워볼까 했는데... 평소와 다른거라곤 강화를 많이 했다는거?거래소 올려두고 정말 오랜만에 게임을 꺼두고 잤는데...다음날 되서 접속하려니 이용정지 안내가 저를 반겨주네요.어떤 부분이 비정상적인 플레이라는건지 알수가 없으니 이젠 무서워서 카카오 게임은 하기 힘들듯 합니다.공기계로 자사나 돌리던 무과금이라 크게 열받는건 없지만 한편으론 무과금이라 이러는건가 싶기도 하고.계정 정리해서 다이아 팔고 나가는건줄 알고 정지를 시킨걸까요? 어짜피 접을 사람이면 다이아 몇개 사라지는거 개의치 않을테니...60랩 겨우 넘겨서 캐릭 슬롯도 다 열어두고 이제 좀 다르게 즐겨 볼까 했는데 망했네요.이유라도 알고 싶어서 계속 1:1 문의는 넣고 있는데 기대 안하는게 좋겠죠?정지 관련글 찾아보는데 거의 없는걸로 봐선 이글도 삭제 될지도 모르겠네요.

",-0.6,"플레이 기록으로 인해 계정이 이용 제한되었는데 이유를 알려주지 않고 사라져버렸고, 다른 게임을 즐기려고 했으나 이용 정지 안내를 받았다. 계정 정리로 다이아몬드를 팔고 나갈 것인지 궁금한데, 이유를 알 수 없어서 1:1 문의를 하고 있지만 기대가 안된다."
10,28164,신맵에서 영웅템 나오는거 본사람?,0,460,23.07.05,산낙지,https://cafe.daum.net/ArcheAgeWar/ZmF6/28164,"이거 걍 잠가놓은거냐 아니면 드랍확률이 개판인거냐 한달간 정말 긴 모래톱에서 영템 떨어지는거 단 한번도 못봤는데 길드 사람들도 본적 없다고 하고 자사 겜은 득템하는 맛에 하는건데 이렇게 극악으로 해놓으면 재미가 떨어진단말임 

",0.4,"이 게임의 드랍 확률이 너무 낮아서 긴 시간동안 아이템이 한 번도 드랍되지 않았는데, 이렇게 하면 게임의 재미가 떨어진다는 것입니다."
11,28163,키프4서버 현재상황 전섭제일강하다는서버,0,185,23.07.05,마법관,https://cafe.daum.net/ArcheAgeWar/ZmF6/28163,"필자가 글쓰기이전에 마법근위관님이랑별게임을말합니다 저도 화성이엿으나 좌천당해서 홀로 쓸쓸히 잇는듯없는듯 사냥하고잇습니다  자그럼 시작해보겟습니다  라인 천국 천국은 섭초때부터 많은쟁을해왓고 항상이겻으며 많은시간을투자해서 현재까지 영웅님 마르가님을 주측으로 키프4서버의 왕으로군림하고있다 딱히 천국에대해선 더는 할말이없다  동맹팽 베스트  베스트생각하면 참으로 안타깝다 이런거보면 길마의행동과말이중요하다 생각된다 최강의 라인조합이엿던 천국과베스트 하지만 베스트길마의 "" 성 저희하나주실꺼죠"" 한마디에 팽되고만다  그후 베스트는 길드쟁 <저의생각>서버내에 최하위권이라생각된다 베스트는 현재아비규환이며 빨리서버이전이나오길 기다리고잇다고한다 반왕 코리아 <천국앞에 무릎꿇다>키프4서버 전서버 최약체 반왕같지도않는 지들끼리모여서만든 반왕이라하기에도 쪽팔린 쪽팔린길드 코리아 필자는 앞으로 쪽코<쪽팔린코리아>라부를것입니다키프4서버 유일 반왕이엿던 코리아 서버이전이나온후 천국에게 싹싹빌다 많은유저들이 전창을보고잇음에도 자존심다내려놓고 천국에 울면서 치지말아달라고 죄송하다고 각혈원들이빌엇다고한다 누군가는 울엇다고한다 그후 코리아는 천국의따까리짓을하며 곤4.5층고 자유롭게사냥할수잇게되고 보스도 독차지하게된다 과연 명불허전 똥꼬쪽코답다  그걸이용해 아는지인들을불러 가입하게한후 곤4.5층 사냥하게만듬 쪽코또한 서버이전이빨리오길기다리고잇다하지만 전섭최약체반왕도아닌쪽코가 타섭가서도 잘살수잇을지 참으로 궁금.. 하지않다   키프4서버 현재 상황이엿습니다

",0.1,"글쓰기 전 마법근위관님과 별게임을 하며 길드 경쟁과 유저 간의 갈등이 있었고, 현재는 키프4서버에서 힘을 유지하고 있는 천국에 대해 말하며, 최강 조합이었던 베스트와의 관계가 어긋나면서 베스트는 현재 최하위권으로 생각되며, 반왕 코리아와도 갈등이 있었지만 궁금해지는 점이 있다는 것을 언급하며 상황을 설명하는 거였습니다."
12,28162,혹시 60리세 해본사람 있어요?,0,491,23.07.05,현지v,https://cafe.daum.net/ArcheAgeWar/ZmF6/28162,"시간 얼마나 걸려요?

",-0.2,"건의사항을 요약하면 ""건의사항 요약 시간이 얼마나 걸립니까?"" 가 될 수 있습니다."
13,28161,질문이있습니다.꼭 보세요.,2,360,23.07.05,백화꽃,https://cafe.daum.net/ArcheAgeWar/ZmF6/28161,"혹시 단검하시는분들 다 저처럼 좆같나요???하나도 좋은게 없는데;;;;지금 65에 242방 195명 144공 인데 다른거 해야하나요...?

",-0.7,"단검을 사용하는 사람들은 저와 같이 불만이 많을까요? 제 현재 상태는 방어력 242, 생명력 195, 공격력 144인데, 다른 무기를 사용해야 할까요?"
14,28160,개발자야 일주일만 겜 해봐라,0,260,23.07.05,좋아용,https://cafe.daum.net/ArcheAgeWar/ZmF6/28160,"어디서 재미를 찾아야됨?금,토 득템 기대 말곤 아무것도 찾을수 없는 ㅈ망겜인데

",-0.5,"재미를 찾을 수 있는 요소가 금,토 득템 기대 말고는 없는 망겜이다."
15,28159,키프로사3 라인님들,0,161,23.07.05,키프로사3반왕와라,https://cafe.daum.net/ArcheAgeWar/ZmF6/28159,"보스 풀어준다고 하면 뭐해요? 자유가 와서 템 다먹고가는데 ㅡㅡ;;;;;;열심히 사람쳐끌어모아서 치고있으면 쳐와서 돼지마냥 먹네????????말로는 풀어준다하고 에이스랑 자유랑 짝짜꿍 하는거지? 이해가 안되니들끼리 망섭에서 겜해라 우린 니네 더러워서 이전간다 캬악퉤엣

",0.3,"보스를 푼다고 해서 어떻게 되는거야? 우리가 열심히 사람을 끌어모아서 치고 있을 때 돼지처럼 오지마라고? 말로는 보스를 풀어준다고 하지만, 에이스와 자유가 짝꿍을 하는 건지 이해가 안돼서 니네끼리 망섭에서 게임하고 우리는 더러워서 다른 곳으로 간다고!"
16,28157,진4 우리 마흔틴 현재 상황,2,359,23.07.05,정예몹털이범,https://cafe.daum.net/ArcheAgeWar/ZmF6/28157,"현재 적대길드에서 친했던 사람들 칼안꼽고 다른사람들만 죽어나니깐 내부 운영진들이 칼안꼽히는사람들 추방시키고 같이 썰자고 이야기나옴 ㅋㅋㅋㅋㅋㅋㅋㅋㅋㅋ 가 ㅈ같은길드 쩌러떠~서로 통수치고 등에 칼꼽으려하네ㅋㅋㅋㅋㅋ

",0.6,"현재 적대길드에서는 친한 사람들만 보호되고 다른 사람들은 계속 죽어나서, 운영진들이 친한 사람들을 추방하고 함께 썰을 쓰자고 이야기가 나왔다. 현재 상황은 아주 안 좋은 길드이며, 서로 통수를 치고 등에 칼을 꼽으려 하는 것 같다."
17,28156,밸런스패치 및 드랍률 조정,0,227,23.07.05,환성2,https://cafe.daum.net/ArcheAgeWar/ZmF6/28156,"다들 눈팅만 하지말고 글좀 쓰세요. 신경도 안쓰니까 게임사 괜찮은줄 알고 ㅡ ㅡ

",-0.4,글을 쓰지 않고 눈팅만 하는 것보다는 건의사항을 적어주기를 바랍니다.
18,28155,진4서버 마흔틴 대가리의 업적나열한다.,3,314,23.07.05,tkddns48712,https://cafe.daum.net/ArcheAgeWar/ZmF6/28155,"1. 인생최대업적 마흔틴길마.2. 운좋게 좋은사람들이 모여들어서 최상위길드달성3.공금횡령4.공금쓰고 안채워넣음5.공금을 현찰화했는지 안했는지 증거 제출한다더니 아직도안함.6.기존길드원들 추방및 탈퇴후 조용히 중립길드에서 자사하는데 공성때 동맹안했다고 공성끝난후 칼넣음.7.공성전다이아 아직도 분배안함.8.공성다이아는 섭이전끝나고 분배한다함 (탈주자예방하려고하는듯 먹튀하면 안되니까) 근데... 먹튀라는말이 맞는걸까싶다 모두가 함께 고생해서 얻은거고 다같이 보상받는게 맞다고보는데.... 무튼 범죄저지르고 멘탈갑인거 ㅇㅈ~

",-0.8,"인생 최대 업적인 마흔틴 길마를 달성한 운 좋은 사람들이 모여 최상위 길드를 형성했지만, 공금 횡령과 채워넣지 않은 공금 문제, 현찰화 여부에 대한 증거 미 제출, 기존 길드원 추방 및 중립 길드에서 공성 동맹하지 않았다며 공성 종료 후 칼을 넣고 상황, 공성 전 다이아 분배 미진행, 섭 이전 후 다이아 분배 예정이지만 먹튀를 막기 위함인지 의문이 드는 상황으로 인해 범죄 저지르고 멘탈 갑인 것 같다."
19,28154,궁수 스킬은 다 쓰래기냐???,1,345,23.07.05,궁수상향,https://cafe.daum.net/ArcheAgeWar/ZmF6/28154,"발묶음 한번도 안걸리던데........ 길원한테 테스트 해봣는데 3번연속 안걸려서 무안하더라..........이거 쓰래기 스킬이냐???? 거기다 한번 쏠때마다 쿨탐 24초 기다리게 해서 존나 미안하더라...양검 스턴은 백퍼 다걸리는데 ......궁수 발묶음은 왜 한번도 안걸리냐고!!!!확률을 높여주고........쿨탐 24초를 12초로 줄여줘라!!!! 아님 스턴샷 스킬을 주던가 ㅎㅎㅎㅎㅎㅎ양검한테 존나 쳐맛고 게임이 힘들다. 참고로 시험대상은 상저 40에 저렙임..............이게 안걸리는게 말이되냐고!!!!! 

",-0.6,"양검 스턴과 비교했을 때 궁수 발묶음 스킬은 거의 안 걸림, 확률을 높여주고 쿨타임을 줄여주세요."
20,28153,멜7 보다 심한섭있냐,0,195,23.07.05,사용중입니다,https://cafe.daum.net/ArcheAgeWar/ZmF6/28153,"라인 1군 46명라인 2군 43명라인이 운영하는 랭킹2위 막피 1명 반왕 30명 나머지가 라인 매크로 작업장(초반에 죽이면 라인이와서 떄렸었음) + 중립인데ㅋㅋㅋㅋㅋㅋㅋ실질적으로 유저중 라인이 70% 인듯  

",-0.3,"1군 46명, 2군 43명으로 운영되는 랭킹2위 막피 1명, 반왕 30명으로 구성되어 있으며, 나머지는 라인 매크로 작업장에 있으며, 실질적으로 유저 중 라인이 70%인 것 같음."
21,28152,법사 파업합니다 동참 부탁요,2,370,23.07.05,산낙지,https://cafe.daum.net/ArcheAgeWar/ZmF6/28152,"법사를 상징하는 스킬댐지 증폭 '정신' 스탯을 싹 다 찍은 법사가 정신을 하나도 안찍은 궁수/근딜 보다 스킬 데미지가 안나오는게 말이 됨?  평딜 400 나오는 법사 메인 스킬 심판의 창(쿨15초) 데미지 950 평딜 400 근딜 당기기 스킬(쿨15초) 데미지 1900  댐지가 뭔가 뒤바뀐거 아니냐  아무리 컨셉 잡고 직업 언밸런스 개막장으로 출시했다해도  이건 법사 유저들을 기만/농락하는 수준ㄷㄷ  라인 뮨셔틀 형들 당장 뮨돌이 그만두기로 했다고 선언하고 법사 갖다버리고 스킬 댐지 1900 나오는 당기기 배우고 근딜ㄱㄱㄱㄱㄱㄱㄱㄱ    

",-0.2,"법사 직업에서 '정신' 스탯을 모두 찍은 경우에도 궁수/근접 딜러와 비교했을 때 스킬 데미지가 나오지 않는 것은 이상하다. 법사의 주력 스킬인 심판의 창은 평균 400의 데미지를 내고, 근접 딜러의 당기기 스킬은 1900의 데미지를 내는데, 이게 뭔가 잘못된 것 아닌가 싶다. 이건 법사 유저들을 속이고 희롱하는 수준이다. 법사 유저들은 뮨셔틀 라인을 그만두고 근접 딜러로 전향해서 당기기를 배워야 할 것이다."
22,28151,평일엔 너무 재미가 없네요,0,247,23.07.05,윤서사랑,https://cafe.daum.net/ArcheAgeWar/ZmF6/28151,"다들 접는분위기에. 평일엔 영템득템 기대감도 없고. 의미없는 자사만 하니.. 게임 관심이 점점 멀어집니다. 쟁없는 서버는 혼자 아케이드 게임하는 기분이네요..

",-0.5,게임이 접히는 분위기에서 평일에는 영템을 얻을 기대감이 없고 의미없는 활동만 하니 게임에 대한 관심이 멀어지는 것 같습니다. 쟁을 할 수 없는 서버는 혼자 아케이드 게임을 하는 기분입니다.
23,28150,화룡티비 진4444444444,0,387,23.07.05,띵커벨,https://cafe.daum.net/ArcheAgeWar/ZmF6/28150,"화룡왈 ""살면서 돈이 없어본 적이 없습니다"" 냉????????횡령해서???도둑질해서?????화룡왈 ""어버버버 {킁킁,크으으큼}""이비인후과가시구 볼펜무러용!!!발음교정 쫌!!!!!ㅋㅋㅋㅋㅋㅋㅋㅋㅋㅋㅋ공성ㅇ세금 서버이전 끝나구 분배???화룡 왈 ""서버이전 안가고 남는 사람들 더 챙겨주는게 맞지않습디까?""똥꼬 빨고 붙어잇으믄 더챙겨주께!!혈비 내꾸니깡!!!!!ㅋㅋㅋㅋㅋㅋㅋㅋㅋㅋㅋㅋㅋㅋㅋ쓱싹쓱싹""이새뀌!저새뀌!!개마바링!!!따 이!!!!!""길드원들 돈훔쳐다가 캐릭키워노쿠ㅠㅠㅠㅠㅠㅠㅠ마바리보다 님이 더상마바리예용ㅠ횡령터지구 스펙업이 안된담성???ㅋㅋㅋㅋㅋㅋㅋㅋㅋㅋㅋㅋㅋ3~40만 다야!?!?!?!?!?!??!욱기지마용화룡님 영상클립따서보니까 5월거만봐두 100만다야 그냥너머용ㅡ,.ㅡㅉㅉㅉㅉ

",0.7,"화룡왈 ""살면서 돈이 없어본 적이 없고, 횡령하거나 도둑질한 적도 없습니다. 어버버버 킁킁, 크으으큼이 비인후과가시구 볼펜 사용에 발음 교정이 필요합니다. 공성세금의 서버이전이 끝나고 분배될 때, 서버이전에 참여하지 않는 사람들에게 더 챙겨주는 것이 맞지 않을까요? 똥꼬를 빨고 붙어있으면 더 챙겨줄 테니까요! 혈비로 내겠습니다. 길드원들이 돈을 훔쳐서 캐릭터를 키우고 있습니다. 마바리보다 님이 더 상마바리예요. 횡령터지구의 스펙업이 안되었는데, 3~40만 다야하는데요? 욱기지 마세요. 화룡님의 영상 클립을 보면 5월에만 봐도 100만 다야하고 너무 좋습니다."
24,28148,만x아 그냥 세금분배 공정하게 하고 끈내자 1티어 철면피,3,318,23.07.05,진4)쌀분쟁위원회,https://cafe.daum.net/ArcheAgeWar/ZmF6/28148,"1. 7월 2일(일) 공성전에 승리하여 최초로 성을 점령한 길드  - 7월 2일(일) 19시 전까지 누적된 세금 + 7월 16일(일) 19시 전까지 누적된 세금 분배 가능 · 서버 이전 기간 : 2023년 7월 12일(수) 14:00 ~ 7월 18일(화) 23:00 이쯤되면 그냥 떳떳하게 분배 해주게 끝내는게 맞지않냐?  자칭 니가만든 왕국조차도 서버에서 횡령할까봐 개입 해주는 시스템~  사람새끼는 아니겟지만 사람답게 공정하게 분배해주고 끈내라 구차하게 뭐하는짓이냐  CCTV탐지기 총무하던 시절이 생각나서 더 못놓겟냐?  뭐그래도 방송하는것 까진 이해는 해주겟는데 어버버 버퍼링 걸려가며 더듬더듬 거리는데 말은 좀 똑바로 하자..볼때마다 진심 소름돋더라  방송을 했으면 투명하게 공개할 건 공개 하던지 방송에 취지도 불분명하고 소꿉놀이 하고있네.. 동네대장이냐?ㅋㅋ

",0.4,"7월 2일 공성전에서 승리한 길드의 세금 분배는 7월 16일까지 가능하며, 서버 이전 기간에도 공정하게 분배해야 한다는 건의사항입니다. 이런 시스템은 왕국조차도 횡령할까봐 개입해야 할 것 같으며, 방송을 하더라도 명확한 취지를 가지고 진행해야 합니다."
25,28147,패치가 시급한 민원 사항,0,401,23.07.05,아키재밌엉,https://cafe.daum.net/ArcheAgeWar/ZmF6/28147,"1. 개사기 근딜 스턴 시간과 쿨타임2. 영웅템이 금요일 토요일에 몰아서 쏟아짐3. 지팡이의 쓰나마나한 힐의 현재 평균 데미지에 맞는 상향,  마법사 고유 스킬인 광역스킬의 픨요성,    타 무기군보다 낮은 능력치, 정신스탯의 비효율성 등 상향 필요  이거 3개 맞지?  

",-0.9,"1. 스턴 시간과 쿨타임 개사기 근접 딜 개선 요청
2. 금요일 토요일에 영웅템 드롭률 조정 필요
3. 지팡이의 힐 데미지 상향, 광역스킬 사용성 개선, 다른 무기군과의 능력치 밸런스, 정신스탯의 비효율성 개선 요청"
26,28145,아이템 드랍률 이거 해도너무하는거아닙니까?,0,373,23.07.05,뭘해,https://cafe.daum.net/ArcheAgeWar/ZmF6/28145,"뭔 아이템이 주말에만 나오고 평일 은 하나가안나온답니까 이거 뭐 장난도 너무심한거아님 이래서 이게임 끌고가겟습니까  답답하네

",-0.3,"게임에서 아이템이 주말에만 나오고, 평일엔 하나도 나오지 않는 것은 불공평하고 답답하며, 이로 인해 게임이 재미 없을 것 같다는 건의입니다."
27,28144,신섭 구도 정리해보자 형들,0,216,23.07.05,마리오,https://cafe.daum.net/ArcheAgeWar/ZmF6/28144,"각 서버별 구도 정리해주라~라인 vs 반왕 비율통제, 성 세금

",0.5,서버별 구도 정리를 위해 라인 vs 반왕의 비율을 통제하고 성 세금을 도입해주세요.
28,28143,법사는 상향 별로 안해줄 가능성이 큼ㅇㅇ,3,378,23.07.05,산낙지,https://cafe.daum.net/ArcheAgeWar/ZmF6/28143,"이겜이 린투엠 계보를 따라가는 경향이 있는데 린투엠때도 제일 돈 안되는 법사를 제일 마지막에 밸런스 조정 해줬었는데  그때도 내 기억에 법사가 너무 쓰레기라 하는 사람이 거의 없었는데 근딜/궁수부터 상향 패치 싹 해주고 법사는 하도 말이 나오니까  걍 개쓰레기 소리는 면할 정도로 맨 마지막에 약간 밸런스 조정해주고 끝냈었음  지금 근딜들 떡상시켜서 흥행시켰듯이 법사를 흥행목적으로 떡상시킬 가능성은 거의 없다고 봐야지  근데 이겜 법사는 리니지라이크 타겜보다 훨씬 쓰레기인게 심지어 법사가 광역도 없고 힐량은 쥐꼬리만하고  ""법사""인데 심지어 전클래스 중에 스킬 댐지 계수가 제일 구리게 해놨고 법사직업 개죽여놓으려고 정신 스탯도 효율 똥망으로 해놨고 정신 다 찍은 법사가 정신 하나도 안찍은 궁수/근딜보다 스킬댐지가 안나오는 아이러니한 상황ㄷㄷㄷ 걍 애초에 법사는 밑바닥에서 근딜/궁수들 자존감 업시켜주기용으로 정하고 출시했음  이겜 더 즐기려면 라인 애들은 동네북 뮨셔틀 당장 그만두고, 언제까지 밑바닥 직업 할거임? 중립들은 새직업 뽑으면 암거나 갈아타는게 답이다 

",-0.6,"법사 직업에 대한 밸런스 조정이 필요하며, 근딜/궁수 직업들이 상향 패치를 많이 받았음에도 불구하고, 법사 직업은 여전히 약해서 개선이 필요하며, 법사 직업의 스킬 댐지 계수와 정신 스탯이 현실적이지 않다고 생각됨. 이를 해결하기 위해서는 법사 직업의 역할을 명확히 하고 관련 직업들의 자존감을 향상시키는 방향으로 개발이 필요하며, 중립 직업들은 새로운 직업으로 전직할 수 있도록 해야 함."
29,28142,길마가 접엇는데...,0,604,23.07.05,이효리,https://cafe.daum.net/ArcheAgeWar/ZmF6/28142,"길드장 변경 안됩니까??

",0.2,길드장 변경 불가능한지 확인 부탁드립니다.
30,28141,도서관 득템,0,970,23.07.05,윤서사랑,https://cafe.daum.net/ArcheAgeWar/ZmF6/28141,"아직 8시간 남았네요. 녹템 3개. 진짜 평일엔 잉크는 기대를 아예 안해야하는것인가.. 2시간 뒤에 또남김  

",-0.1,"평일에는 잉크 기대를 하지 말아야 하며, 8시간 남았고 녹템이 3개 남았으며, 2시간 뒤에 또 남김이 발생했다."
31,28140,법사들이 아무말도 없는 슬픈 이유,0,688,23.07.05,잉지에오,https://cafe.daum.net/ArcheAgeWar/ZmF6/28140,"갈아탔거나 접거나 쌀먹하거나

",-0.7,제안: 현재의 상황을 바꿔서 다른 방법을 시도해보거나 새로운 접근 방식을 채택하거나 다양한 옵션을 고려해야한다.
32,28139,요즘도 템드랍 금토에이지 맞지?,1,366,23.07.05,현지v,https://cafe.daum.net/ArcheAgeWar/ZmF6/28139,"평일에 너무 뭔가 기대치가없으니까 사냥이 재미가없네

",0.3,평일 사냥의 기대치 부족으로 인해 재미가 없다.
33,28138,타양4]전변vs영변 !!pvp1대1결과는?,0,532,23.07.05,느금똥꼬자,https://cafe.daum.net/ArcheAgeWar/ZmF6/28138,"ㅋㄱㄲㅋㅋ호필이 전변스킨이라며?ㅋㅋ영변한테 따이!!!ㅋㅋㅋㅋㅋ

",-0.4,변호필이 전변스킨이라고 우스워서 영변한테 따이니까 웃겨!
34,28137,아갈들 특징,0,147,23.07.05,노빠꾸38,https://cafe.daum.net/ArcheAgeWar/ZmF6/28137,"반왕 및 막피들 특징잠사 따면  자면죽는다  조롱베르하면  베르한다 조롱모니터 하면 방구석폐인이라 조롱새벽에 모니터 하면 백수라 조롱같이쳐서 이기면 허접하다 조롱                비등하면 현질더라하 조롱                지면 돈질했다 조롱져도 이겨도 조롱이런시키들 꼭 월보탐에 재접하더라~~~ 

",-0.5,반왕과 막피들은 자신들의 특징을 비웃는 사람들에게 조롱을 당하더라도 무시하고 계속해서 자신들의 행동을 이어갔다.
35,28136,궁수 이러다 다접어~~~,1,610,23.07.05,아자뵤,https://cafe.daum.net/ArcheAgeWar/ZmF6/28136,"궁수 상향을 하던지 스턴 시간을 줄이던지 8초가 머냐 너무 길지 않냐?스턴 8초짜리 겜은 이겜이 첨이다 줄이던지 궁수나 법사 단검 상향 시키던지 좀 해라

",0.1,궁수와 스턴의 상향 또는 스턴 시간을 줄이는 것과 관련된 건의사항입니다.
36,28135,죄송합니다.......,5,375,23.07.05,만순 부주 화룡,https://cafe.daum.net/ArcheAgeWar/ZmF6/28135,"부주로만 살다보니......라인생활도 어깨 넘어만 해보구............과금은 본주가 하는거라.............본주가 없어서.............도둑질 밖에 방법이....................배민도 시켜먹구 먹여야해서....................품위유지도 해야하는대..........소과금러라.............횡령.........................방송두하고시퍼서.................후원 좀용 용돈죵............................

",0.8,"부작용이 없는 과금 방법으로 소액 결제를 하고 싶어서 배민을 시켜먹고 돈을 횡령해야 하는데, 행복한 라인생활을 위해 후원을 받고 싶어요."
37,28134,링크 무역 확인시 오류,0,92,23.07.05,킬링,https://cafe.daum.net/ArcheAgeWar/ZmF6/28134,"링크로 무역 확인시에 링크 팅기고 PC접속 종료로 뜸짜증~

",-0.2,링크 확인 중에 링크가 정지되고 PC 연결이 종료되는 문제가 있어요.
38,28133,이게임은 방송하는사람 읍음?,2,503,23.07.05,호롤로로롤,https://cafe.daum.net/ArcheAgeWar/ZmF6/28133,"흰튜브 개노잼동글꽁 즙노잼 알트형정도 방송하는분 음나?

",0.6,Suggesting a need for more diverse and entertaining content on a channel that mainly focuses on uninteresting and repetitive gameplay.
39,28132,혈탈합니다 진5 서버분들 그동안 즐거웠습니다,0,596,23.07.05,산낙지,https://cafe.daum.net/ArcheAgeWar/ZmF6/28132,"이겜 찍먹하려고 대충 아이디 만들고 시작해서 즐기다보니 어느덧 100일이 지났네요 저는 다른 서버로 여행가기로 마음먹었구요 진5 서버분들 좋은 추억 만들고 갑니다  

",0.4,100일이 지난 이후에 다른 서버로 여행을 가려고 마음먹은 저는 진5 서버분들과 좋은 추억을 만들고 갑니다.
40,28131,진4썹 화룡TV아니쥬 횡령TV쥬~~~~~~~~~~,4,523,23.07.05,띵커벨,https://cafe.daum.net/ArcheAgeWar/ZmF6/28131,"횡려TV 뽑기방송했던댕!!!!!철면피가 너무 대다나다ㅋㅋㅋㅋㅋㅋㅋㅋㅋㅋㅋㅋㅋ창피함이란걸 알아서 인간이라던뎅저아저씨는 모양?????가정도 있담성ㅠㅠㅠㅠㅠㅠㅠㅠㅠㅠㅠㅠㅠㅠㅠㅠ신기방기한 동물이 만타 증말ㅋㅋㅋㅋㅋㅋㅋㅋㅋㅋㅋㅋㅋㅋㅋㅋㅋㅋㅋㅋㅋㅋㅋㅋㅋㅋㅋㅋㅋㅋㅋㅋㅋㅋㅋㅋㅋㅋㅋㅋㅋㅋㅋㅋㅋㅋㅋㅋㅋㅋㅋㅋㅋㅋㅋㅋㅋㅋㅋㅋㅋㅋㅋㅋ

",-0.5,"횡려TV 뽑기 방송이 창피한 신기한 동물로 인해 매우 부끄러웠고, 저 아저씨의 외모를 보면 가정도 있을만하다는 생각이 들었다."
41,28130,타양4서버 어제자로 볼튼 투사 과금러 전설들 혈탈후 제2세력만듬,1,468,23.07.05,타양4서버망함,https://cafe.daum.net/ArcheAgeWar/ZmF6/28130,"공성다이아 2.354.302 꾸꾸까까 전체 세금 30% 2. 혈비 전체 세금 28%  서버이전비 지원 MAX 인당 2000다이아 3. 운영진 전체 세금 6% (운영진 6명) 4. 혈 전변 캐릭 전체 세금 6% (전변 6명) 5. 길드원 전체 세금 30% 하위 포인트 0% ~ 20%      1레벨 분배   공성 전체세금 30% 중 10% 균등분배 인당 6363 하위 포인트 21% ~ 40%     2레벨 분배  공성 전체세금 30% 중 12% 균등분배 인당 7636 하위 포인트 41% ~ 60%     3레벨 분배  공성 전체세금 30% 중 18% 균등분배 인당 12600 하위 포인트 61% ~ 80%     4레벨 분배  공성 전체세금 30% 중 22% 균등분배 인당 15400 하위 포인트 81% ~ 100%   5레벨 분배  공성 전체세금 30% 중 38% 균등분배 인당 26600 혈더진 이유 이거 아니라고 해봐 ^^전설 과금러들 아이템다 몰아주면 머하나 혈이 터진거 같은데 적당히 먹지...남은혈원들 우짜겠냐 보스이제 빡쟁시작이ㄱㄱ 현시작부로 빡쟁시작합니다 ^^ 이제 볼튼투사 vs 평행선 수호자 ? 과연 나는 누구인가

",0.7,"건의사항 요약: 공성다이아와 혈비에 대한 전체 세금을 조정하고, 서버이전비를 지원해주며, 운영진, 혈전변 캐릭터, 길드원에 대한 전체 세금을 설정하고, 분배 방식을 정해주는 것에 대한 건의이며, 또한 혈더진에 대한 이유를 설명하고 본격적인 게임 진행을 제안하고자 하는 내용입니다."
42,28129,파템시세 유지되는게 신기함,0,527,23.07.05,닉네임을 등록해 주세요가 있네,https://cafe.daum.net/ArcheAgeWar/ZmF6/28129,"어느정도 떨어질듯 하니까 신규 컬렉션 추가해서 시세 급등하게 만들고 가격유지 하려고 노력은 하는듯100~500다이아 파템시세인 지금이 오래 이어지면 좋겠음

",-0.6,신규 컬렉션을 추가하여 시세를 급등시키고 가격을 유지하려고 노력하면 좋겠다.
43,28128,첨으로 이번에 패키지안삼,1,374,23.07.05,깡통임,https://cafe.daum.net/ArcheAgeWar/ZmF6/28128,"한번도 월간 주간 이벤트패키지등등안산적 없는데 이제 이번부터 안살라구요.망삘이 느껴지네요오늘부터 망할때까지 쌀먹이나 하다가 갈랍니다 알바새기들 댓글달지마라. 

",-0.3,"앞으로 이벤트 패키지를 구매하지 않을 것이며, 불편함으로 인해 사이트를 떠날 예정이므로 알바생들은 댓글을 달지 말라는 건의사항이 있습니다."
44,28127,형들 국민 흰뎀 얼마인가요?,0,526,23.07.05,깡통통,https://cafe.daum.net/ArcheAgeWar/ZmF6/28127,"형들 국민 흰뎀 갈쳐주세용

",0.2,국민들의 흰색 도로 표시선을 지속적으로 유지하여 주세요.
45,28126,♠ ♠ ♠ ♠ ♠ 전설 합성은 조작 되었을 확률이 높다. ♠ ♠ ♠ ♠ ♠,1,570,23.07.05,목탁,https://cafe.daum.net/ArcheAgeWar/ZmF6/28126,"1트에 전설 성공한 사람들은 보여주기식이다.너도 1트에 전설을 성공 할 수 있다는 믿음을 가지게 하여. 매주 100만원 가량의 패키지를 결제하게 하는 눈속임이며 사기다. 게임 회사는 너히들의 전설에 대한 욕망을 알고. 변뽑 패키지를 늘리면서까지 매주 100만원 이상의 패키지를 팔고있는데. 패키지를 사서 전설 합성을 1~2회 시도하는 너에게 과연 정말 전설을 줄까? 전설을 주면 넌 곧바로 케릭 정리를 할 수도 있고. 너에게 다음주 패키지를 판매하지 못할 가능성이 큰데. 이러한 이탈자들이 발생할거란 추측을 게임 회사에서 모르진 않을것이다. 너에게 전설을 최대한 주지 않아야 패키지 판매량이 높아진다는 말이다. 최근 변뽑 패키지를 더욱 늘려서 팔고 있는데.이번 기회에 너의 등꼴을 쪽 빨아먹을꺼라는 말과 같다.니가 패키지를 사서 매주 전설 합성을 1트씩 시도하고.그게 10 ~ 20트쯤 될때. 비로소 하나 넣어주겠지. 매출만 바라보는 악독한 사행성 게임 회사라는걸. 명심하길 바란다. 패키지를 구매하여 1~2트씩 도전하는 사람에겐.다음주에 또 패키지를 팔기 위해서라도.전설을 주지 않을 확률이 매우 높다.  

",-0.8,"1트 전설 성공자들을 보여주는 것은 눈속임이고 사기이며, 매주 패키지를 팔기 위한 전략이다. 게임 회사는 너들이 전설에 대한 욕망을 알고, 패키지 판매량을 늘리기 위해 계속해서 전설 패키지를 판매하지만, 패키지를 사서 전설을 합성하면 전설을 주지 않을 가능성이 크다. 게임 회사는 매출을 중시하는 사행성 회사이기 때문에 주의해야 한다."
46,28123,전설보통 몇트정도하고 떳어요?,0,879,23.07.05,현지v,https://cafe.daum.net/ArcheAgeWar/ZmF6/28123,"너무안뜨네요....

",0.5,건의사항: 알림이 제대로 나오지 않는 문제를 해결해주세요.
47,28122,궁수 징징글,1,186,23.07.05,멀라,https://cafe.daum.net/ArcheAgeWar/ZmF6/28122,"궁수 스킬 개편 좀 하자희귀스킬 발묶음 물러서기, 영웅스킬 신의격노,회피의 달인왜 발묶음 스킬에 데미지가 안들어가냐?? 다른 직업들 기절 속박 스킬에 뎀지 다 있는데?? 거기다가 쿨타임 24초????양손 속박해재랑 쿨탐이 같아서 그냥 묶일때 마다 씀ㅋ 근데 이속증가 30퍼 ㅋㅋㅋ대쉬 턴 어캐 피함? 아 물러서기로 피하라고??물러서기 회피기가 즉발도 아니라 존나게 느리고 도는중에 턴맞거나 당겨짐 이건 뭔 개같은 스킬이야?? 쿨타임은 또 24초??????? ㅈ같은 밸런스 게임아 12초 턴 스킬 두번도는 시간이야 8초턴 두번이면 꽉채워서 16초야 어캐 살라고.. 대쉬 턴 어캐 피하라고..영스 신의격노 충격화살 뮨파괴 확룰 증가 그리고..? 끝?? 확률도 얼마나 오르는건지 모르겠지만 차이없음 ㅋㅋ그리고 뭐 더 없냐고?? 이펙트 노란색 됨 개꿀 ^0^데미지라도 올려주던가 영스 자리만 차지하고 pvp 때쟁하는 사람아니면 무의미해 이거 왜 배워??마지막 제일 쓰레기 스킬 회피의달인 개같은스킬 재롱부리기 달인 ㅅㅂ 활력회복 10증가 착지 후 10초 동안 상태이상 20증가 이름부터 안맞음 무슨 회피달인이여 ㅋㅋㅋㅋㅋㅋㅋ 궁수는 영스 두개가 그냥 없다고 보면 됨 신의격노나 발묶음은 원래부터 있던 스킬이니까 ㅈ같지만 옼케이 !! 근데 패치 후 추가된 물러서기 회피의 달인은 역대급 개 쓰레기 스킬이다 이거 환불사유 맞지?? 

",-0.6,건의사항 요약: 궁수 스킬 개편 요청 - 발묶음 스킬이 다른 직업들의 기절 속박 스킬에 비해 약하며 쿨타임도 길다. 도망가는 스킬인 물러서기와 회피의 달인도 사용하기 어렵고 효과도 부족하며 확률 증가 스킬도 오히려 문제가 있음. 데미지를 올리거나 스킬을 개선해주기를 요청함.
48,28121,[RE]진4 조커입니다 모두가 아시는 그날까지,5,520,23.07.05,진4 조커,https://cafe.daum.net/ArcheAgeWar/ZmF6/28121,"안녕하십니까진4서버 조커입니다-6월 17일 삭제한 게시물우선 여러가지 논란에 관해서 공론화하여 답하고 싶지않아아시겠지만 개개인으로 오시는 질문에도 저는 일관적으로 답하지 않았습니다반기가 아닌 저는 여러혈원 불만들의 뜻이 같았고 저도 불공정, 불합리하고 불만을 가지고 있기에 자연스레 총대가 메어져 소리를 내었습니다같은 불만을 가진 혈원들에게도 분명히 말했듯이""원하는 결말은 다를 수 있으니 개개인의 의견을 존중하고 다수의 의견을 따르겠다""라고 하였습니다하지만 혈내 투표결과만으로 다들 아시다시피 유튜브, 인게임내에서 당사자의 대응, 대처를 보고 듣고 다들 아실겁니다단순히 게임이 아닌 인간적인 유대 관계를 생각하기에 공론화하여 어떠한 소리도 저는 내지않았습니다일방적인 추방을 당하고도 할말이 많았지만믿어주고 따라주셨던 혈 형님, 동생들 때문에도 그렇고 인간적으로 성인답게 선을 지켜야한다고 생각했죠어찌됏던간에 저도 사람인지라 믿고 따르던 군주이자 형님이였고 너무 실망감이 컸습니다저는 그냥 가만히 쉬고 싶었습니다저만 너무 진심으로 생각한건지 다들 단지 게임이였던건지 사람한테 너무 질려버렸으니까요반왕? 제게 말씀하시며 나오시겠다는 분 나오신 분 중립분들 모두에게 말했습니다""마음써주시는 건 감사하지만 괜찮다 그냥 아무생각없이 쉬고 싶다""하였습니다나오려는 혈원도 자리지키고 누릴것을 누리세요 하고 말렸으면 말렸지 반왕도모라니요참 기가 막힙니다15일 해명방송을 한다고 하여 시청하였지만해명은 무슨 또 다시 횡포와 막무가내 발언만 난무하고 조롱까지 하더군요하지만 칼은 넣지않겠다 어떠한 의도든 그 공식적인 발언에 개인적인 감정은 개인적인 감정으로 두고남아계신분들과 불편하고 난감한 상황을 만들게 하고 싶지않아인내하고 인내하며 가만히 있고 나오신 분들은 그냥 친분으로 우리끼리 편하게 게임하자하고 부캐길드에 모여있었습니다하지만 16일 월보를 시점으로 무지성 칼이 들어오기 시작했습니다또 독단적인 판단일거라 생각하고 우선 그냥 맞고 죽어주며 공식적인 입장표명을 요청했습니다묵묵부답 아직까지도 어떠한 답변이 없고 혈내에서 전해 듣기론 본인의 뜻이 완강하더군요해명이든 뭐든 원치않습니다제 개인적인 생각은 해명 필요치 않다고 생각합니다논란의 이야기들의 주제는 가십이 아니며 팩트만 거론되었습니다 시발점이 된 문제를 직시하고 해명하셔야죠어디에 쓰고 어떻게 했고가 중요한게 아닙니다애초에 인정하셨고 그 자체가 죄 입니다 반성하시고 자숙하셔야죠 그게 먼저죠그거에 관한 가십거리나 카더라로 물고 늘어지시며 회피하고 왜곡시키려하지마시기 바랍니다 많이 후달려보이십니다결국 생각없이 제 발 저리고 두려움에 무지성 칼까지 넣으시지만 그래도 대화를 해보고 인간적으로 대하려했습니다저는 군주든 용형님이든 변절한 사람이든 어떠한 증빙자료도 공론화하진 않겠습니다당사자들 본인도 카톡도 갖고 잇으실테고 기억하실겁니다 반성하십쇼이미 혈내에선 암묵적으로 다들 아실분은 다 아실거고 그렇게 물타기하고 마녀사냥을 하시는데 참 속상하고 추해보이십니다생각있는 사람이면 혈원이 아니여도 지금 그렇게 민심민심하시더니 제 3자가 봐도 다 압니다반왕 아직도 입에 담고 싶지도 않습니다정이 있고 저는 진심이였으니까요 들어오는 칼에 대응하겠습니다.------------------------------------------------------------------------------------위 첨부된 게시글은 6월 17일 제가 처음 올렸던 글입니다만순(화룡)형 아니 님이 보고 그날 오전 중 바로 전화가 왔습니다저는 그 통화가 정말 인간적이고 진솔한 대화라고 생각했죠울분을 토하며 얘기하시는 말들에 진심으로 받아들이고이성적으로 생각하고 제가 군주에 불만이 있던거지 사람으로 개인적으로 형이 싫고 실망하고서운한건 아니라고 생각했습니다 그래서 글도 내리고 중립을 지키고 공성도 절대 참여하지않는다 말씀드렸죠그래서 반왕, 카더라, 이간질 전부 성심성의껏 오해 풀어드리고혈에서 그 일이 있던 날도 저도 감정적으로 실수한 언행은 사과드렸습니다아시는분들은 아시겠지만 마흔틴에 누구보다 헌신했고 자리잡길 애 쓰고 열심히 했습니다 누구보다 형을 보필했구요물론 재미도 있었지만 사람들에게 정이 들고 이 사람들과 함께해서 좋았으니까요그래서 그 시간과 정, 사람 관계에 대한 예라고 생각하여 추방이 되고도정말 중립을 지키며 말 한마디 조심하고 오해가 생기지 않도록 조심히 중립 생활했습니다하지만 계속 보니말씀을 드리고 불편해도 굳이 연락해서 풀어줘도 형님 혼자서 상상의 나래를 펼치고 매일 뭐가 그렇게 불안하신지결국 이러다 저러다 그냥 저를 저희를 반왕 선포까지 해버리시더군요 정작 당사자들은 가만히 중립 지키고 있는데 말입니다마냐사냥에 물타기에 대놓고 하시는 거짓들에 못 참겠어서 저도 공론화 하려합니다우선 지금 가장 최근 곤5층 통제 사건입니다저희가 몰사한 건 사실입니다 근데 멀쩡히 라인 생활하다가어디 군주가 횡령하다 걸려서 안내려오는 곳이 있나요?근데 추방에 피치못하게 뻔뻔한 철판 군주떄문에 나온인원들이 곤 5층이 아쉽고 올라가서다들 모르는척 해주시고 위 심정을 어느정도 공감하니까 방치했습니다 대부분 전부다 모르는 척 인사하고 말았죠오히려 순찰인원 제보를 해줬으면 했어요그래서 제가 제일 많이 곤5층 올라가있었구요그래서 이번에 저희 동생들이 걸렸지만 생각해주셔서 양보하고 동맹까지?제안을 하시는줄 알아서 감사하게 생각하고 알겠다고 했는데그냥 전체 곤5 통제를 풀어주셨더라구요?방송에 ""원래 풀 생각이였다 약속의 금요일 전에 풀어드린거다"" 하시길래 아 그렇구나 했더니그래놓고는 공성 끝나니까 바로 쟁 선포? 명분 물어보니까 ""곤5"" 딱 이거 귓 하나 주셧죠?진짜ㅎ 형님이라 부르기도 좀 그렇습니다 만순님 아 아니 본주 닉이니까 화룡님그리고 지금 막 중립에 있다가 합류한저희 백야 혈원들 썰면서""이리와 새끼야 개마리 컷"" 등등 너무 많은데이게 매너쟁인가요?""내 방송에서 내가 하고 싶은말 한다는데 왜?""이렇게 생각하시면 안되죠 그럼 시청자없이 혼자 하셔야죠...얘기나와서 말씀드리는데 혈원들 진짜 죽어라 보탐잡고 다같이 만든 혈비 횡령해서 외판?했으면 진짜 더 말도 안되는거고본인  캐릭에 투자했다고 한들 당당하시면 안되죠 어찌됏든 잘못을 하셨고횡령해서 캐릭투자 못 했으면 입장바꿔 썰리면서 형님이 ""개마바리 컷"" 이런 소리 들으셨을텐데요진짜 자게나 이런 언플하는거 저는 별로 안좋아하고 귀찮기도 하고서로 치부들어내고 파국으로 가면 너무 쪽팔리잖아요 미성년자도 아니고성인에  현생 찌들어서 스트레스 풀고 좋은 사람들이랑 시간내가면서 게임하고 정도 들고 했는데저는 끝까지 인간적으로 어른답게 남자답게 최소한의 예의 선은 지키려했습니다근데 매일 방송도 그렇고 계속 보이시는 처신이 언행이 진짜 질려버리고 실망스럽습니다전 횡령 증빙, 개개인 카톡, 개개인 통화녹음 저는 증빙자료까지 전부 다 가지고 있습니다제 소신껏 저는 누구 한명도 까고 막장되기 싫어서 지키고 있었는데 안되겠습니다더이상 마녀사냥, 물타기 가만히 두고 보지않겠습니다저도 그냥 제 게시글에 제가 하고싶은 말 했습니다화룡님 논리대로라면 안보시면 됩니다여차하면 모든 해명, 거짓, 전부 다 들고저도 내 방송 켜고 할얘기 다하고 이슈되는 거짓들 마냐사냥, 물타기, 그날 그날들의 진실,내막 전부다 까겠습니다.PS 공성세금 들어보니 기존인원들이 고생해오면서 모은 세금을 바로 나눠주는게 맞지 그걸""섭 이전 안가고 남는 사람을 더 챙겨주는게 맞지않냐?"" 하고 지금 세금을 섭이전 끝날때까지 잠구신다면서요?그건 또 그럼 본인 마음대로 본인을 위해서 공금을 쓰신다고 말하신거예요 아시겠습니까?화룡님 항상 게임을 게임처럼 하라고 하셨죠? 왜 인간적인 유대가 생기는지 이해 못하시던데다 사람이 하는거고 하루하루 현생에 치이다가 와서 게임이라는 매개체를 통한거 뿐이지마음 맞는 사람끼리 하고 정모하고 이것도 다 인연이고 사람 사는 곳입니다그래서 게임이 그냥 게임일 수 없는 거예요 아시겠습니까?그래서 제가 지금까지 사람대 사람관계로 예의를 지킨겁니다.

",0.3,6월 17일 삭제한 게시물 및 여러 혈원들의 불만에
49,28120,타양1서버 호구 마바리 기존 ㅃㅃ들,0,341,23.07.05,여자는궁딩이지,https://cafe.daum.net/ArcheAgeWar/ZmF6/28120,"호구 이런 호구가 없어요 윗 대가리 몇이 반왕 흡수 하자고 하니깐 넬름 흡수 했는데 공성 끝나고 흡수했어도 충분했을텐데 여태 개고생 다한 애들이 ㅄ이네.. 기존에 얌전히 대충 참여만 깔짝깔짝 하던 마바리들 공성 분배 꼬라지봐라 반왕애들 어마어마하게 받아갔네 솔직히 보스 가면 맨날 오는 애들만 오는데 그게 라인이냐? 템도 안팔려서 분배도 개 같은데 공성자금도 개 같이 받고  대가리 몇 눈치 보느냐고 발언도 못하고 빨리 팔고 접은 시초가 똑똑한 듯 중립들은 그런 라인 꼴같잖아서 템도 잘 안사주니 참 서버 꼬라지가 아주 개판이지 빨리 서버 이전이나 나와라 빨리 가벼려야지 저런 모지리들이랑 게임 안하려면   

",0.4,"""호구가 없어서 공성 분배 문제와 중립들의 티켓 문제 때문에 서버 이전을 원한다."""
