,id,titles,recommendations,views,regdate,link,sentiments,contents,summary
0,851,PC 클라이언트 FPS 상향,0,75,23.07.04,https://cafe.daum.net/umamusume-kor/ZaXF/851,-0.5,"1. 건의 내용: PC 클라이언트가 기존 앱플레이어 보다 버벅거림이 없어 쾌적하게 잘 이용하고 있습니다.그런데.. 요즘 대부분 모니터가 120 프레임도 넘는 고주사율 모니터인데..게임은 30 프레임으로 제한되어 있는 것이 너무 아쉽습니다.이거 상향한다고 성능 이슈라던가.. 기타 문제될게 없을거 같은데 어째서 30 프레임인지 의문입니다.60 프레임 이상 또는 무제한으로 상향되었으면 합니다.감사합니다. 2. 기타 첨부(스크린샷 / 동영상 등):  

",120 프레임 이상의 고주사율 모니터를 사용하는데 게임이 30 프레임으로 제한되어 있어서 아쉬움이 있습니다. 60 프레임 이상 또는 무제한으로 상향되면 좋겠습니다.
1,850,pc클라이언트 자동로그인,0,61,23.07.04,https://cafe.daum.net/umamusume-kor/ZaXF/850,0.2,"1. 건의 내용: pc클라이언트를 종료했다가 다시 실행시키면 다시 로그인을 해야하는게 다소 번거롭습니다. 그저 로그인만 하는거면 다른 게임들도 마찬가지라 괜찮은데, 매번 카카오톡 인증을 받아야해서 약간 불편합니다. 아직 베타버전이라 그렇겠지만 빠른 시일 내에 개선되면 좋겠습니다. 항상 좋은 운영 감사합니다. 2. 기타 첨부(스크린샷 / 동영상 등):  

","PC 클라이언트 종료 후 다시 실행하면 번거로워서 매번 로그인을 해야하는 점을 개선해주시면 좋겠습니다. (베타버전이라서 그럴 수도 있지만, 빠른 시일 내에 개선되길 바랍니다.)"
2,848,이모티콘 재배포는 어렵나요,0,63,23.07.03,https://cafe.daum.net/umamusume-kor/ZaXF/848,0.1,"1. 건의 내용: 이모티콘 또 쓰고싶어요.. 재배포해주세요.... 어렵다면 어쩔 수 없지만...2. 기타 첨부(스크린샷 / 동영상 등):  

","이모티콘을 추가로 사용하고 싶으며, 가능하다면 재배포 부탁드립니다."
3,847,뉴비 및 복귀 유저를 위한 선택권 패키지,0,70,23.07.03,https://cafe.daum.net/umamusume-kor/ZaXF/847,0.6,"1. 건의 내용: 가격이 엄청 비싸더라도최소한 비싼 금액을 치루고서라도 돌아오겠다는 유저는 잡아야 하지 않을까요...복귀 후 적응 못해 다시 접는 유저들 볼때마다 마음이 아픕니다특히 영세 서클은 더 심각할겁니다...이번 뉴트랙에 제발 다양한 패키지 도입을 조속하게 요구합니다. 시계 패키지도 그분들한텐 더더 필요할껄요2. 기타 첨부(스크린샷 / 동영상 등):  

",유저가 가격이 비싸더라도 돌아오겠다고 할 때도 유저들을 잡아야 한다고 건의합니다. 특히 영세 서클은 더 심각한 상황이기 때문에 다양한 패키지 도입이 필요하다고 요구합니다.
4,846,AND로 검색 기능 건의,0,72,23.07.03,https://cafe.daum.net/umamusume-kor/ZaXF/846,0.3,"1. 건의 내용: 안녕하세요, 매일 고생이 많으십니다.이번에 건의하고자 하는 것은, ""AND 검색 기능""입니다.각종 비공식 대회에 출전하면서,올라운더급 우마무스메들을 자주 키우게 됐는데요.예컨대 A 대회는 마일이고, 챔피언스 미팅은 장거리일 때, 마S장S 모두 있으면 좋지 않겠습니까?그래서 마일, 장거리에 체크를 하고 확인을 누르면 ""현재는"" 마일 인자 ""또는"" 장거리 인자가 나오고 있습니다.그런데 제가 건의드리는 AND 검색 기능을 활용하면, 적인자에 마일""도"" 있고 장거리""도"" 있는 우마무스메를 쉽게 찾을 수 있어 편리해질 것이라 생각합니다.챔피언스 미팅을 준비하는 데 있어, 예컨대 골드 쉽을 키우는데, 장거리, 추입을 체크하면 장거리인 카드""도"" 나오고 추입인 카드""도"" 나오지 않습니까? 저는 장거리""이면서"" 추입인 카드를 검색할 수 있는 기능을 건의한다고 볼 수 있겠습니다.부디 코딩 측면에서 구현하는 데 문제 없는 부분이었으면 좋겠습니다.읽어 주셔서 감사합니다. 2. 기타 첨부(스크린샷 / 동영상 등):  

",검색 기능에 AND 연산을 추가하여 특정 조건을 동시에 만족하는 카드를 검색할 수 있는 기능을 제안합니다.
5,845,룸매치 시스탬 개선 건의,0,57,23.07.01,https://cafe.daum.net/umamusume-kor/ZaXF/845,0.4,"1. 건의 내용: 룸매치에 여러 사람이 입장 시 팀 구분이 불가능하여 전략이 제한되는 경우가 많습니다. 사설 대회를 참가하며 아쉬움을 많이 느꼈는데 본사인 사이게임즈에 건의를 하여 룸매치에 다수의 유저 입장 시 각 유저들의 팀을 지정할 수 있는 시스템을 추가해줬으면 좋겠습니다. ex)12인 룸매치에 6명의 유저를 두 팀으로 나누기룸매치 생성 시 '팀그룹 생성'기능을 추가하여 팀을 구분할 수 있도록 개선. 입장 시 각 유저는 A/B그룹 중 하나를 선택하여 입장(각각 A그룹,B그룹끼리는 같은팀) 팀그룹 생성 시 룸매치 인원을 (2등분/3등분/4등분)하는 식으로 선택지를 제공 2. 기타 첨부(스크린샷 / 동영상 등):  

","룸매치에 여러 사람이 입장 시 팀 구분이 불가능하여 전략 제한, 각 유저들의 팀을 지정할 수 있는 시스템 추가해주세요."
6,844,로그인 좀 그만 풀리게…,1,152,23.06.30,https://cafe.daum.net/umamusume-kor/ZaXF/844,-0.7,"1. 건의 내용: 요즘 들어 로그인이 자꾸 풀리네요. 다시 로그인하는 과정은 괜찮은데, 설정이 다 리셋돼서 너무 불편합니다… 2. 기타 첨부(스크린샷 / 동영상 등):  

",로그인이 자꾸 풀려서 설정 리셋이 되어 불편합니다.
7,843,불건전 유저닉네임,0,152,23.06.29,https://cafe.daum.net/umamusume-kor/ZaXF/843,-0.9,"1. 건의 내용: 유저의 닉네임이 지역비하 고인모독성 닉네임 입니다.홍어집=전라도 비하성 일베단어슨상=고 김대중 대통령 비하 일베 단어 2. 기타 첨부(스크린샷 / 동영상 등):  

",유저의 닉네임이 지역비하 및 비하성 욕설을 담고 있다.
8,842,pc버전 불안해도 좋으니까 제발,0,86,23.06.29,https://cafe.daum.net/umamusume-kor/ZaXF/842,-0.3,"1. 건의 내용: pc버전 공개 부탁드립니다앱플레이어로 도저히 못하겠어요 2. 기타 첨부(스크린샷 / 동영상 등):  

","pc버전 공개를 부탁드립니다, 앱플레이어로 사용하기 어려워요."
9,840,Pc클라 점검에 대한 진행상황을 알려주세요,0,162,23.06.29,https://cafe.daum.net/umamusume-kor/ZaXF/840,0.2,"1. 건의 내용: pc클라가 점검을 시작한지 벌써 일주일이나 지났습니다. 유저들은 계속 묵묵히 기다릴 수 밖에 없는 상황입니다. 점검이 어디까지 진행되었는지 알려주세요. 2. 기타 첨부(스크린샷 / 동영상 등):  

",PC클라 점검 진행 상황을 알려주셨으면 합니다.
10,839,6월 건의사항 중 PC버전 클라이언트에 대한 내용 정리해보았습니다.,0,174,23.06.28,https://cafe.daum.net/umamusume-kor/ZaXF/839,0.5,"1. 건의 내용:  안녕하세요. PC버전 클라이언트 개발 및 개선에 고생이 많으십니다. 보안이슈 관련 몇 몇 가지 구술을 해보려하며 참고가 될 부분은 참고하셨으면 하는 바램으로 적어보려합니다. ■ 클라이언트 재시작 시 로그인 유지    - 로그인을 유지시켜달라는 이유 중 크게 2가지로 나눠질 것 같습니다.       1) 접속 끊김으로 리트라이 시 로그아웃이 발생    - 장기 미사용 시 타임아웃으로 접속이 끊기던가 다른 오류로 인하여 끊기던가 여러 조건들이 있을 것이지만      결과적으로 클라이언트 자체가 꺼지지 않았다는것이 중요합니다. 일반 종료가 아닌 시점에서      접속이 끊긴 경우에 재로그인시 자동으로 로그인이 되는 것이 맞는 것 아닌가 생각합니다.      어짜피 사용시간 종료 및 게임을 종료 할 경우는 당연히 로그아웃이 되어야 됩니다.     2) 일반 종료 시 로그아웃     - 일반 종료인 경우는 X박스 눌러서 종료, Alt+F4, 작업관리자에서 프로세스 종료, 게임 실행 중 PC 전원 버튼을      눌러 강제 종료 등등 여러가지 조건들이 있습니다. 이 모든 케바케에서는 당연히 로그아웃이 이루어져야 합니다.    ※ 정리 하면 결국 장기간 미사용 시 접속 끊김으로 인한 로그아웃부분만 완화 시키면 해결될 것 같습니다.    ■ 설정/필터가 초기화되지 않도록 개선     초기화 개선 부분은 카카오톡 메신저에서 벤치마킹하는것이 어떨가 생각합니다.   카카오톡은 C:\Users\PC이름\AppData\Local\Kakao\KakaoTalk\users 위치에 데이터가 저장이 됩니다.   물론 복호화 처리는 되어있어 사용자가 알 순 없습니다.    유저 데이터 UID 부터 시작해서 내용 전부를 복호화처리하여 스마트폰 및 앱플레이어처럼 관리하면   어떻까 하고 생각해보았습니다. 카카오톡 메신져도 여러 매장 및 오픈 PC들에 보면 다 설치 되어있으며 사용자들도   1회성 로그인을하여 사용하는 경우도 많이 있어 복호화 처리만 잘해서 저장을 할 수 있으면 괜찮다고 생각합니다.   그런 부분은 카카오톡 메시져에서 벤치마킹도 좋은 예라 생각합니다.    게임중에 실시간으로 저장하진 않을거며 클라이언트 실행시 1차적으로 데이터를 불러오는 용도라면   복호화 처리시간도 충분할겁니다. 최종 종료 할 때 어짜피 다시 복호화 해서 저장 할 거니깐요..■ 전체화면, 프레임 제한 해제, 키보드 사용을 위한 맵핑 기능, 클라이언트 창 닫기 클릭 시 종료 확인 팝업 추가 등     1) 전체화면      - 전체화면을 원하시는 분들도 계시지만 따로 클라이언트 자체 화면 조정 세팅 기능이 없어        별도로 config 프로그램을 만들지 않고서는 기존 세로비율로 키우는 방식이 아닌        강제로 가로,새로 개별 비율을 늘리기는 힘들겁니다.        (앱플레이어도 그래서 해상도 변경 시 무조건 재부팅을 하도록 되어있으니깐요)       만약 전체 화면 기능을 추가해야한다면 config 프로그램이 존재 해야 하지 않을까요....   2) 프레임 제한 해제    - 사용자 PC가 다 다르기 때문에 최저 사양을 기준으로 프레임을 제한하는 것 보다 사용자 PC 설정에 맞게      변경 할 수 있게 하는 것이 좋을 것 같습니다. 위에 언급한 Config 프로그램이 그런 대표적인 예시이며      보통 인게임내에서 설정을 변경하지만 모바일은 또 그렇지 않은것 같아 차라리 실행 전 고전 방식처럼      Config 프로그램으로 설정들을 변경하여 본인 입맛에 운영하는게 좋다고 생각합니다.      다만 현재 일본서버 만큼 프레임이 빠르지 않아 가급적 애니매이션 프레임도 높여 주었으면 합니다.    3) 키맵핑 기능    - 이것도 결국 맵핑 데이터를 어떻게 보관해야하냐 초기화 시켜야하나 차이일것 같습니다.       맵핑 데이터 저장부분은 설정/필터에서 언급한 내용과 동일하며 다만 키맵핑 ON/OFF 기능은 인게임 내에서는      구현이 안 될 것으로 보이며 따로 사이드바 기능을 추가하기에는 너무 일이 크고 위에 언급한 Config 프로그램에서     설정하는것이 좋을 것 같습니다.  설정방식을 일반 고전 애뮬레이터에 키수정 방식과 동일하면 될 것 같습니다.    - 다만 키맵핑을 구현하신다는 가정하입니다.... 고려 대상인지는 모르니깐요...   4) 클라이언트 창 닫기 클릭시 종료 확인 팝업    - 이건 쉬운 부분인 것 같습니다. 이벤트 핸들러도 있을거고 따로 팝업만들어서 관리 하는것도 되니 언급하지 않겠습니다.      ※ 정리하면 Config 프로그램이 필요할 것 같습니다. 인 게임에서는 설정에 대한 한계가 있으니 클라이언트 접속기에서     게임 실행 전 설정값을 변경 할 수있는 옵션을 만들어서 거기서 설정해서 들어가게 하는 편이 좋을 것 같습니다.     이건 접속기 개선 부분도 포함이라 또 파트가 다르려나요...   마지막 PC버전클라이언트 서버 닫기전에 확인 시 인자 및 서포트 카드 클릭이 안되는 부분은 개선이 된걸로 보였습니다. PC버전 클라이언트 베타버전 빠른 재오픈을 희망하고자 긴 글을 적었으나 읽고 힌트가 될만 한 부분이 있으셨으면 좋겠습니다. 읽어주셔서 감사합니다.   2. 기타 첨부(스크린샷 / 동영상 등):  

","건의사항 요약: PC 버전 클라이언트 개선을 위해 1) 클라이언트 재시작 시 로그인 유지, 2) 설정/필터 초기화 개선, 3) 전체화면, 프레임 제한 해제, 키보드 맵핑 기능, 4) 클라이언트 창 닫기 시 종료 확인 팝업 추가 등의 기능을 추가하고 Config 프로그램 설치를 제안합니다."
11,838,뉴트랙 NPC 난이도가 이상합니다.,1,159,23.06.28,https://cafe.daum.net/umamusume-kor/ZaXF/838,-0.6,"1. 건의 내용: 뉴트랙 NPC 난이도가 이상합니다. 2. 기타 첨부(스크린샷 / 동영상 등): 다른 아우아로배나 다른 레이스는 마군사 당하는 비율이 적은데 왜 뉴트랙만 눈에 보일정도로 심한지 난이도 조정이 필요해보입니다. 스탯이 높은데도 마군사는 정말 이상합니다. 라이벌이랑 같이 말이죠

","뉴트랙 NPC 난이도가 높아 마군사 당하는 비율이 많은데, 다른 아우아로배나 다른 레이스와 비교했을 때 이상하다는 건의입니다. 마군사 난이도 조정이 필요해보입니다."
12,837,PC클라 창고정 기능 넣어주셨으면 좋겠습니다.,0,78,23.06.28,https://cafe.daum.net/umamusume-kor/ZaXF/837,0.7,"1. 건의 내용: PC클라 창이 맨 위로 올 수 있도록 창고정 기능이 있었으면 좋겠습니다. 이벤트 선택지 같은 여러 공략 사이트를 띄워두고 하는데 창고정 기능 있으면 편하고 쾌적할거 같습니다. 2. 기타 첨부(스크린샷 / 동영상 등):  

",PC클라 창을 맨 위로 올릴 수 있는 창고정 기능이 있으면 이벤트 선택지와 공략 사이트를 편하게 사용할 수 있을 것 같습니다.
13,836,육성 시 고유기 레벨 설정 기능이 있으면 좋겠습니다,0,67,23.06.27,https://cafe.daum.net/umamusume-kor/ZaXF/836,0.8,"1. 건의 내용:챔피언스미팅 오픈리그는 B이하, 평가 점수 8199 이하의 육성 우마무스메만 참가 가능합니다. 그런데 육성 우마무스메의 재능 개화 시 고유기의 기본 레벨이 올라 오픈리그 참가시 평가점수 약 170점 만큼 육성에 필요한 스킬을 배우거나 스탯 올릴 수 없습니다.(녹색 패시브 스킬 쌍원의 포인트가 174점)이에 오픈리그를 즐기는 유저로서 육성 시작 시 고유기 레벨을 1로 설정 하는 기능이 생겼으면 좋겠습니다. 2. 기타 첨부(스크린샷 / 동영상 등):  

",챔피언스미팅 오픈리그에 육성 우마무스메 참가에 조건이 있어 고유기의 레벨을 1로 설정하는 기능이 필요하다고 건의합니다.
14,835,시계 패키지를 추가해주세요,0,129,23.06.27,https://cafe.daum.net/umamusume-kor/ZaXF/835,0.1,"1. 건의 내용: 시계 수급처가 너무 적어 공급이 수요를 따라가지 못 합니다. 이대로면 시계가 부족해서 게임을 그만두는 사람들이 속출할텐데 이를 방지하기 위해 시계 패키지를 내주셨으면 좋겠습니다 2. 기타 첨부(스크린샷 / 동영상 등):  

","1. 시계 수급 부족으로 게임 그만두는 사람들 방지를 위해 시계 패키지 제공 요청.
2. 첨부 없음."
15,834,6월 건의사항에 대한 안내,0,406,23.06.27,https://cafe.daum.net/umamusume-kor/ZaXF/834,0.2,"안녕하세요. 트레이너님.CM게이트입니다. 6월(6월 7일 ~ 6월 26일) 건의 게시판으로 등록해 주신 의견에 대해다시 한번 정리하여 답변드립니다. 게임 개선을 위한 건의사항이라 판단하기 어려운 내용은 답변이 제외되며, 오류 제보는 별도로 오류 게시판을 통해 안내해 드리겠습니다.  [업데이트]•쥬얼을 소모하여 서포트 카드/육성 우마무스메 강화 수치를 초기화 및 강화에 사용된 재화를 반환해 주는 기능을 추가해 주세요.•서포트 카드 교환 pt로 SR 서포트 카드도 교환이 가능했으면 좋겠습니다.해당 기능은 일본 서버에도 반영되지 않은 기능이라 도입이 어려운 점 양해 부탁드립니다. [인게임/콘텐츠]•PC버전 클라이언트(베타) 주요 개선 사항을 건의합니다.- 클라이언트 재시작 시 로그인 유지 혹은 설정/필터가 초기화되지 않도록 개선- 전체화면, 프레임 제한 해제, 키보드 사용을 위한 맵핑 기능, 클라이언트 창 닫기 클릭 시 종료 확인 팝업 추가 등현재 PC버전 클라이언트(베타)는 보안 이슈 예방 차원으로 PC방 등 공공장소에서 로그인 상태가 유지되는 것을 방지하기 위해 접속 시마다 로그인해야 합니다. 다만, 설정 초기화로 인한 트레이너님의 불편이 적지 않은 점 인지하고 있으며 개선 방안을 모색하고 있습니다.또한 건의해 주신 기능들에 대해서도 전달하여 PC버전 클라이언트(베타)의 안정성 확보 후 검토될 수 있도록 하겠습니다. [기타]•알람 시계가 포함된 신규 패키지 판매 혹은 수급처를 늘려주세요.특정 아이템의 입수 방법 추가와 같은 한국 서버만의 차별화된 방식 적용은 어려운 점 양해 부탁드립니다. •위닝라이브 음반을 공식 한글 발매해 주세요.•우마무스메 공식 카카오톡 이모티콘 판매를 건의합니다.카카오게임즈는 게임 사업 이외에는 권리가 없어, 게임 외 콘텐츠에 대해서는 명확한 답변을 드리기가 어렵습니다. •Google Play 게임즈 베타에 우마무스메 프리티 더비 출시를 부탁드립니다.Google Play 게임즈 베타에서의 플레이 지원에 대해 검토가 진행될 수 있으나, 가능 여부에 대해서는 확답을 드리기 어려운 점 참고 부탁드립니다. •공식 홈페이지에 승부복이 없는 우마무스메의 승부복 업데이트를 원하며, 신규 우마무스메가 등장할 때마다 업데이트가 진행되었으면 좋겠습니다.말씀하신 공식 홈페이지 캐릭터 소개 내 일부 우마무스메의 승부복 추가 주기에 대해 내부적으로 검토해 보겠으며, 우마무스메 추가의 경우 한국 서버 기준으로 게임 내에서 등장했을 때 추가되고 있는 점 참고 부탁드립니다.  우마무스메 프리티 더비에 많은 관심과 사랑을 보내주시는 트레이너님들께 진심으로 감사드리며소중한 의견들은 꼼꼼히 확인하여 더 좋은 모습 보여드리기 위해 최선을 다하겠습니다. 감사합니다. 

",6월 건의 게시판에 등록된 의견에 대한 답변과 함께 여러 개선 사항을 건의합니다.
16,833,로그인 방법을 늘려주세요,0,62,23.06.26,https://cafe.daum.net/umamusume-kor/ZaXF/833,0.3,"1. 건의 내용: UID에 패스워드 지정해서 로그인방법 추가부탁드립니다 2. 기타 첨부(스크린샷 / 동영상 등): 기존서버(일본)에 있는 기능이니 꼭 추가부탁ㄹ드립니다. 

",UID에 패스워드를 추가하여 로그인하는 기능을 기존 서버(일본)에도 추가해주시기 바랍니다.
17,832,시계 패키지 건의드립니다,0,70,23.06.26,https://cafe.daum.net/umamusume-kor/ZaXF/832,0.4,,"건의사항을 한 문장으로 요약하면 ""개선할 점을 고려하여 시스템을 업데이트해주세요.""입니다."
18,831,서포트카드 레벨 초기화,0,94,23.06.24,https://cafe.daum.net/umamusume-kor/ZaXF/831,0.5,"1. 건의 내용: 10쥬얼써서 강화로 인한 레벨을 초기화해 들어간 비용을 되받는 시스템인데 (육성으로 얻은 경험치는 계산X)일섭에도 없을거라 싸이게임즈와 검토라도 해주셨으면 합니다.유저에게 편의성을 제공하지만서포트카드 1장당 쥬얼10개를 쓰는거니 싸이게임즈나 카카오게임즈나 손실,손해는 아닐겁니다.2. 기타 첨부(스크린샷 / 동영상 등):  

","이 종류의 시스템은 유저들에게 편의성을 제공하고, 10쥬얼을 사용하여 강화로 인한 레벨 초기화 비용을 되돌려주는 것이므로 손실이나 손해가 없을 것입니다."
19,830,건의 두 가지 드립니다.,0,104,23.06.24,https://cafe.daum.net/umamusume-kor/ZaXF/830,0.6,"1. 건의 내용: 첫번째, 현재 일본서버에서 승부복이 아직 적용되지 않은 시리우스 심볼리말고는 승부복이 적용된 걸로 알고 있습니다. 한국 서버에서는 나카야마 페스타, 나리타 탑 로드, 마블러스 선데이 등 적용되지 않았습니다. 운영자님들께서는 일본 서버에서 승부복 가지고 와서 업데이트를 할 때마다 적용해주셨으면 좋겠습니다. 두번째, 앞으로 업데이트가 미래시처럼 될 것인데 공식 홈페이지에서 업데이트할 때 신규 우마무스메(스토리 이벤트나 n.5주년마다 포함)가 등장할 때마다 추가해주셨으면 좋겠습니다. 너무 홈페이지 불성실하게 추가된 게 아닌가 싶고, N사 K레이싱겜(1달씩 업데이트)처럼 그러지 않았으면 좋겠습니다. 2. 기타 첨부(스크린샷 / 동영상 등):  

","일본 서버와 한국 서버에서 승부복이 적용되지 않은 일부 심볼이 있으니, 업데이트시 해당 심볼에도 적용해주시고, 또한 홈페이지에서 새로운 우마무스메가 추가될 때마다 정확하게 업데이트되었다는 정보를 제공해주셨으면 합니다."
20,829,게임 알림 관련,0,69,23.06.24,https://cafe.daum.net/umamusume-kor/ZaXF/829,-0.4,"1. 건의 내용: 보통 어플에서 알림이 온걸 누르면 자동으로 해당 앱으로 연결이 되는데 우마무스메는 그런게 없네요. 알림을 누르면 게임으로 자동 연결되게 해주시면 좋겠습니다. 2. 기타 첨부(스크린샷 / 동영상 등): 

",알림을 누르면 게임으로 자동 연결되도록 설정 부탁드립니다.
21,828,건의는 건의인데 질문용으로 하는 건의,0,52,23.06.23,https://cafe.daum.net/umamusume-kor/ZaXF/828,0.1,"1. 건의 내용: https://cafe.daum.net/umamusume-kor/ZBhv/215 베스트 컬렉션 중 한국서버에 출시되었으나, 한국서버에서 미보유중인 캐릭터들을 타서버에서 가져와서 전시용으로 하는 것에 관련해서 참여 미인정이 되는가에 대한 건또한 컬렉션을 자랑하기 위해, 한국서버를 메인으로 두고 동시에 타서버의 것들로 컬렉션을 서브로 채우면 그것도 참여 미인정이 되는가에 대한 건본인은 한국, 일본, 대만 모두에 거점을 두고 있기에, 한국서버 출시 육성마 중 미보유분을 일본서버에서 가져와야하는 경우가 있음

","한국서버에 출시된 베스트 컬렉션에서 한국서버에 없는 캐릭터를 타서버에서 가져와서 전시용으로 사용하는 것에 대한 건과, 한국서버를 메인으로 하되 타서버의 아이템으로 컬렉션을 채우는 것에 대한 건에 대해 참여 여부가 확인되는지에 대한 건의사항입니다. 건의자는 한국, 일본, 대만 여러 서버에서 활동하며 한국서버 출시 육성마 중 미보유분을 일본서버에서 가져와야 할 때가 있다고 언급하고 있습니다."
22,827,시계를 패키지형식으로 팔아주세요,0,93,23.06.23,https://cafe.daum.net/umamusume-kor/ZaXF/827,-0.2,"1. 건의 내용:  1년내내 겜했던 사람들이야 대충 시계 천개정도 모아놓고  뉴트랙을 시작하겠지만요. (사실 이것도 많이부족합니다) 복귀유저라던가 처음 진입하시는분들은 시계 재고도 거의 없을뿐더러 시계가 0개일때 개당 10주얼로 사야되는데 이건 그냥 뉴트랙유기하라는 말과 같습니다. 같이 즐기는 유저가 많아야 회사도 좋고 다 좋은거 아니겠습니까? 뉴트랙한정으로 모든 주얼구매에 시계를 붙여주시던가 아니면 수급처를 늘려주셨으면 합니다. 이러다 우리 다죽어요! 2. 기타 첨부(스크린샷 / 동영상 등):  

","1년 동안 게임을 즐기지 않았던 사람들은 시계 재고가 부족하고, 처음 입장하는 사람들은 시계를 구매하기 어려워서 게임을 즐기기 어려운 상황입니다. 뉴트랙한정으로 모든 주얼 구매에 시계를 붙여주거나, 수급처를 늘려주셨으면 좋겠습니다."
23,826,PC버젼 점검진행상황 알려주세요~,0,83,23.06.23,https://cafe.daum.net/umamusume-kor/ZaXF/826,-0.1,"1. 건의 내용: 공지내내용외에 현재 어떤문제로인해 어디까지 진행중이고 테스트중인지 상세한 내용으로 공지글 최신화 요청드리겠습니다~ 2. 기타 첨부(스크린샷 / 동영상 등):  

",공지글에 현재 진행 상황과 테스트 내용을 상세히 포함하여 최신화 요청드립니다.
24,824,건의 내용 취합하여 올립니다.,0,185,23.06.22,https://cafe.daum.net/umamusume-kor/ZaXF/824,0.9,"1. 건의 내용: 안녕하십니까, 먼저 늘 고생하시는 점에 대해 깊은 감사의 말씀 드립니다.게임을 즐기면서 건의할 사항이 생겨 개인적인 건의 내용을 취합해 올리게 됐습니다. 1) S22 안드로이드 13, 5G 핸드폰 기준으로 플레이 중이 아닐 때 알림이 오지 않습니다. 백그라운드 최적화 예외 설정은 해 놓았고, 플레이 중에는 알림이 오는데 플레이 중이 아닐 때 (즉 게임을 꺼놓은 상태에서) 알림이 오지 않습니다. 2) 다른 어플(예를 들면 디시 공앱)을 이용하다가 조금이라도 재사용이 늦어지면 바로 접속 해제됩니다. 3) 오늘 오전 8시경에도 그랬고 2023년 6월 9일 오전 10시 34분 기준, 아무것도 하지 않았으나(우마어시 등 각종 파생 어플도 활용한 적 없음) 튕기는 현상이 몇 번 발생했습니다. 4) ""아오하루배"" 시나리오에서 '데뷔전를'이라고 오타가 다시 발생했습니다. 수정 부탁드립니다. 항상 좋은 게임을 위해 노력해 주셔서 감사합니다.  2. 기타 첨부(스크린샷 / 동영상 등):  

","제안 사항: S22 안드로이드 13, 5G 핸드폰 기준으로 플레이 중이 아닐 때 알림이 오지 않고, 다른 어플을 사용하다가 재사용이 늦어지면 접속이 해제되고, 세션 중에도 튕김 현상이 발생하고, ""아오하루배"" 시나리오에 오타가 있습니다."
25,823,광고정책에 대해 궁금한게 있습니다,0,80,23.06.20,https://cafe.daum.net/umamusume-kor/ZaXF/823,-0.8,,건의: 새로운 음식 메뉴를 추가해주세요.
26,822,SSR 스태미너 브라이트 서포트 오류,0,99,23.06.20,https://cafe.daum.net/umamusume-kor/ZaXF/822,-0.5,"1. 건의 내용: SSR 스태미너 브라이트 무지개 발동 시, 상한 해방 및 레벨업 시 목소리 안 나오는 오류가 있는데 점검했는데도 불구하고 브라이트 서포트 관련해서는 단 한 번도 안 나와있습니다. 운영자님들 대충 점검하지 말아주세요. 2. 기타 첨부(스크린샷 / 동영상 등):  

","SSR 스태미너 브라이트 무지개 발동 시, 목소리 안 나오는 오류를 점검했지만 여전히 발생하고 있습니다. 브라이트 서포트 관련해서도 단 한 번도 해결되지 않았습니다. 운영자님들은 점검에 충분한 시간을 투자해주세요."
27,821,키타산 블랙 대사 번역을 하나로 통일 시켜주세요.,0,215,23.06.19,https://cafe.daum.net/umamusume-kor/ZaXF/821,0.3,"1. 건의 내용:  레이스 탭에 키타산 블랙을 세웠을 때는 '축제 아가씨'라고 하는데 픽업 대사에서는 '축제무스메'라고 나옵니다.축제 아가씨, 축제무스메 둘 다 발음이 '오마츠리 무스메'로 같은데, 딱히 큰 문제는 아니지만 그래도 혹시 모르니 '오마츠리 무스메'의 번역을 하나로 통일 했으면 합니다.그리고 늘 게임 운영에 힘 써주셔서 정말 감사합니다!  2. 기타 첨부(스크린샷 / 동영상 등):  

","레이스 탭의 픽업 대사에서 '축제 아가씨'와 '축제무스메'라는 표현이 혼용되고 있는데, 이를 '오마츠리 무스메'로 통일해주시면 감사하겠습니다. 추가로 게임 운영에 감사드립니다."
28,819,[베타] pc 클라이언트 건의 사항,0,131,23.06.18,https://cafe.daum.net/umamusume-kor/ZaXF/819,0.4,"1. 건의 내용:  먼저 pc 클라이언트를 만들어주서서 감사합니다. 사용중에  x를 눌어 한번에 꺼지네요 x 누를시 화면 닫기를 물어 보어 보는 기능이 있스면 좋겟습니다. --또한 키보드 사용 가능 하게 해주시면 안될까요? 나머지는 밑에 글에 나오니 패스 입니다.  2. 기타 첨부(스크린샷 / 동영상 등):  

","1. 사용자가 pc 클라이언트에서 ""x""를 누르면 한 번에 꺼지는 기능이 있으면 좋겠고, 키보드도 사용 가능하도록 해주세요.  
2. 첨부 파일 없음."
29,818,PC 클라이언트 전체 화면 기능 건의합니다.,0,120,23.06.18,https://cafe.daum.net/umamusume-kor/ZaXF/818,0.7,"1. 건의 내용: 라이브나 스토리등을 볼때 전체 화면으로 보고 싶은데 PC 클라이언트에는 전체 화면 기능을 지원을 안해서 못 보고 있습니다. 가능하다면 전체 화면 기능을 지원해 주면 좋겠습니다. 2. 기타 첨부(스크린샷 / 동영상 등):  

",PC 클라이언트에서는 라이브나 스토리 등을 전체 화면으로 볼 수 있는 기능을 제공해 주셨으면 좋겠습니다.
30,817,PC 클라이언트 사용 관련 건의 드립니다.,0,173,23.06.18,https://cafe.daum.net/umamusume-kor/ZaXF/817,0.8,"1. 건의 내용:  안녕하세요. PC 클라이어트 베타 출시 축하드립니다.  이번에 사용하면서 스마트폰과 다른 점이 몇몇개 적어보려 합니다.  1) 로그인 문제  - 이미 언급 되서 제외 2) 재 실행 시 기존 인게임 세팅 초기화 - 로그인만 초기화 되는게 아닌 모든 기초 설정들이 다 초기화 되는 것 같습니다.   렌탈 인자 선택 정렬   우마무스메 선택 정렬   데일리 레이스 정렬 등등    로그인과 똑같이 모든 설정이 초기화 되는 것 같으며 이 부분만이라도 초기화가 좀 개선 되었으면 좋겠습니다.   앱플레이어도 각각 설정이 따로따로 되기에 로그인 정보는 삭제해도 기본정보는 남겨도 상관 없을 것 같습니다. 3) 육성된 우마무스메 인자 확인 및 서포트 카드 정보 볼 경우 클릭 잘 안됨 현상  -  육성 시작시 우마무스메 인자를 선택할 때 리스트 상에서 꾹 누르면 인자 정보를 볼수 있는데     PC버전에서는 꾹 누르면 90% 정도가 인식을 하지 못합니다.      지금 방법은 먼저 인자를 선택하고 밖에 A,B 화면 나와있는 상태에서 눌러야 쉽게 들어가집니다.      상기 항목은 서포트 카드에서도 똑같습니다.    * 스마트폰 상태와 달라 정확한 핀포인트를 잡고 눌러야하는건지 안 눌러진다봐야합니다.    * 현재 이 문제점이 가장 먼저 개선 되어야하지 않을까 합니다.  4) 애니메이션 프레임 제한?  - 이벤트 스킵 기능으로 이벤트 넘어가는 부분은 빠르나 육성 우마무스메 애니매이션 모션은 30프레임으로 보입니다.    한쪽은 빠르나 한쪽은 30프레임으로 게임이 갑자기 확 느려지는 느낌으로 체감을 얻게 됩니다.    베터버전이기에 개선될 것으로 예상하나 리스트에 올려봅니다.   읽어주셔서 감사합니다.    2. 기타 첨부(스크린샷 / 동영상 등):  

","1. PC 클라이어트 베타 출시 축하드립니다. 로그인 문제를 제외하고 몇 가지 다른 점을 언급하고 싶습니다. 기존 인게임 세팅 초기화, 우마무스메 인자 확인 및 서포트 카드 정보 클릭이 잘 안되는 문제, 애니메이션 프레임 제한 등에 대한 개선 요청입니다."
31,816,pc 버전 인터페이스를 pc 버전답게 될까요,0,178,23.06.17,https://cafe.daum.net/umamusume-kor/ZaXF/816,0.9,"뉴트렉 시나리오가 아이템으로 시작해서 아이템으로 끝내버리는 시나리오라서상점에 있는 아이템 확인과 소지중인 아이템 숙지가 굉장히 중요한데요. 기억력 좋은 사람은 한 번 보고 안 까먹겠지만 저처럼 머리 나쁜 사람은상점 다시 확인한다고 계속 들락거리느라 육성기간도 엄청 길어지고육성피로도가 어마어마하네요. 지금까지는 퇴근하고 2~5육성을 매일 했었는데뉴트렉하고 나서 1육성도 겨우겨우 합니다.때문에 위와 같은 형태로 인터페이스가 바뀌면 정말 편할 것 같습니다. pc 클라 매우 만족스럽고 감사하게 생각하는데 인터페이스가휴대폰 인터페이스 그대로라 아쉽네요.    

",뉴트렉 시나리오의 인터페이스를 개선해 주시면 좋겠습니다. 상점에서 아이템 확인과 소지중인 아이템을 쉽게 파악할 수 있도록 변경해 주시면 육성기간과 피로도를 줄일 수 있을 것입니다.
32,815,pc클라 설정 초기화 되는거 베타라서 그런줄로만 알겠습니다요,0,102,23.06.17,https://cafe.daum.net/umamusume-kor/ZaXF/815,0.2,"1. 건의 내용: 로그인은 pc방서 자동로그인될까봐 일부러 할때마다 로그인하게 만드셧다고 들었는데 선택좀 할수있게 변경....해주시겠죠?아마도...요즘 누가 pc방을 가거니와 pc방에서 누가 말딸을 키나요 쉣... 그거말곤 정말 불만 엄슴니다요 나리  

",로그인 옵션을 선택할 수 있게 변경해주세요.
33,814,SR도 천장이 생기게해주세요,0,87,23.06.16,https://cafe.daum.net/umamusume-kor/ZaXF/814,-0.6,"1. 건의 내용:  SR도 천장 교환해주시면 안되는지 여쭈어봅니다. 2. 기타 첨부(스크린샷 / 동영상 등):  

",천장 교환에 대한 건의 및 추가 자료 제공 요청.
34,813,PC 클라이언트 프레임 설정 상향 요청,0,342,23.06.16,https://cafe.daum.net/umamusume-kor/ZaXF/813,0.1,"1. 건의 내용:  PC 클라이언트 프레임 설정 상향 요청  이번에 1주년 되면서 PC 클라이언트 도입 환영하고 정말 감사합니다. ^^ ( 구글 클라아니라서 다행이라고 생각했습니다. )  바로 소식듣고 설치했는데 앞으로 개선이 되었으면 좋겠습니다.  1.   프레임 상향요청  분명히 게임은 빠르지만 간간히 눈에서 끊기는 느낌이 들어서 프레임을 확인해보니 30~60프레임이 나옵니다.  요즘 스마트폰 화면 주사율(프레임)이 120프레임인데 30에서 60프레임으로 보니 진행하면서 간간히 끊기는 부분이 눈으로 느껴집니다.  향후 옵션에서 프레임 100이상 설정 선택(PC에따라 선택)이 가능했으면 좋겠습니다. ( 타 앱플레이어같은경우 설정이 가능합니다. ex 블루스택 240까지 가능 )  2. 로그인 유지 선택 해도 로그인 유지가 안되서 일부 검색 설정등이 초기화 됩니다.오늘 클라 5번이상 켜봤는데 로그인 유지 선택해도 매번 카카오로그인에서 아이디 비밀번호 입력 뜹니다.  로그인 유지 설정은 빠르게 수정 요청드립니다.   2. 기타 첨부(스크린샷 / 동영상 등):  

",PC 클라이언트 프레임 설정 상향 요청과 로그인 유지 설정 수정을 요청합니다.
35,812,핸드폰 호완 문제,0,103,23.06.16,https://cafe.daum.net/umamusume-kor/ZaXF/812,0.5,"1. 건의 내용: 핸드폰 호완 문제 현재 v10으로 잘 게임하던 사용자 입니다. 이번 업데이트를 통하여 사용이 불가능한 기기 가 있다는 내용의 공지가 없음에도 불가하고 게임에 접속을 할수 없습니다. 기기 호완때문에요.  공지 미숙에 문제이니 저같은 사람들을 위한 수동 패치나 어떠한 방법을 제시해주시길 바랍니다. 2. 기타 첨부(스크린샷 / 동영상 등):  

","핸드폰 호완 문제로 게임에 접속할 수 없는 사용자들을 위해 공지 없이 제한된 기기가 있는데, 이에 대한 수동 패치나 해결 방법을 제시해 주시길 요청합니다."
36,811,pc 클라이언트로 로그인 할때 일부 설정이 초기화 되지 않게 해주세요,0,93,23.06.15,https://cafe.daum.net/umamusume-kor/ZaXF/811,-0.7,,거부 근절을 위한 자가격리 근무 시스템 도입을 제안합니다.
37,810,PC 클라이언트가 항상 위에 표시 될수 있도록 체크같은 인터페이스를 추가해주세요,0,62,23.06.15,https://cafe.daum.net/umamusume-kor/ZaXF/810,-0.3,"1. 건의 내용:  우선 PC 클라이언트 출시해주셔서 정말 감사합니다 오늘 제가 PC 클라이언트로 실행해봤을때 불편한 점을 말씀드리면 보통 이 게임을 할때 PC화면를 킨 상태로 인터넷화면에  인벤이나 다른 사이트를 통해 이벤트 선택지를 띄운 상태로 실행을 많이 할겁니다 이때 게임이 항상위 상태가 아니다 보니 ALT+ TAB 이나 마우스 오버로 게임을 계속 선택해서  다시 올려야되는 번거러움이 있습니다 다음 PC 클라이언트 패치때 이점을 개선해주셨으면 좋겠습니다 2. 기타 첨부(스크린샷 / 동영상 등):  

",향후 PC 클라이언트 패치에서 게임 실행 중 인벤이나 다른 웹사이트를 통해 이벤트 선택지를 처리하는 번거로움을 개선해 주세요.
38,809,트레이너 휴식 공간 - 건의 게시판 안내,0,171,23.06.15,https://cafe.daum.net/umamusume-kor/ZaXF/809,-0.9,"안녕하세요. 트레이너님.CM게이트입니다.[건의 게시판]에서는 게임 및 서비스 개선을 위한 건의사항을 등록하실 수 있습니다.트레이너님들께서 등록해 주신 게시글들은 하나하나 읽고 확인하여 월~금 댓글로 답변해 드리며,건의해 주신 내용과 추가 진행 상황을 정리해 매월 공지로 안내드리겠습니다.❖ 답변 및 추가 안내 일정- 일일 댓글 응대: 월~금, 하루 1~2회 (10:00 ~ 19:00)- 월별 건의 안내: 매월 마지막 주 화요일* 확인 및 협의가 필요한 내용은 선 댓글 답변 후 월별 건의 안내를 통해 추가 안내드립니다.* 트레이너님의 소중한 의견은 매일 모니터링하며 검토하고 있으니 언제든 의견을 남겨주시기 바랍니다. ※ 참고사항- 게임 및 서비스 개선을 위한 건의사항이 아닌 경우 답변이 진행되지 않을 수 있습니다.- 중복되는 건의 게시글이 등록될 경우 동일한 안내가 진행되거나 추가 안내가 진행되지 않을 수 있습니다.- 욕설 · 비방 등이 포함되는 불건전 행위가 확인되는 경우 카페 운영정책에 따라 사전 통지없이 조치될 수 있는 점 참고 부탁드립니다.감사합니다. 

","트레이너님들은 [건의 게시판]에서 게임 및 서비스 개선을 위한 건의사항을 등록할 수 있으며, 게시글은 매월 정리하여 안내하고 응대는 월~금 하루 1~2회(10:00 ~ 19:00)로 제공됩니다. 주의할 점으로 중복된 건의사항이나 불건전한 행위가 발견되면 조치될 수 있으므로 참고해 주시기 바랍니다."
39,808,만일에 있을 1.5주년 행사에 관해서,0,155,23.06.13,https://cafe.daum.net/umamusume-kor/ZaXF/808,0.6,"1. 건의 내용: 날짜를 확인해보니 1.5주년이 12월 중순정도더라고요그 때면 AGF (애니메이션 게임 페스티벌)하고 겹치는 달이라가능성이 있는지 기대해봅니다2. 기타 첨부(스크린샷 / 동영상 등):  

",12월 중순에 1.5주년이 있는데 AGF (애니메이션 게임 페스티벌)과 겹칠 수 있는지 확인 부탁드립니다.
40,805,블루레이 발매처럼 위닝라이브 음반들도 발매해주세요,0,99,23.06.11,https://cafe.daum.net/umamusume-kor/ZaXF/805,-0.2,"1. 건의 내용: 블루레이 발매한 것처럼 위닝라이브 음반들도 발매 해주시면 좋을 거 같습니다 2. 기타 첨부(스크린샷 / 동영상 등):  

",위닝라이브 음반들도 블루레이 발매처럼 해주시면 좋을 것 같습니다.
41,804,타국 서버처럼 ID PW 저장되게 해주세요,0,162,23.06.11,https://cafe.daum.net/umamusume-kor/ZaXF/804,0.3,"1. 건의 내용: 키타산 리세때문에 깡통카계로 로그인을 해서 게임을 하고있는데 언제 날라갈지 모르는 무서움이 공존합니다 그렇기에 타국 서버처럼 UID에 비밀번호를 부여해서 그걸로도 로그인 될수있게 해주세요 제발요., 돈을 몇백을 질렀는데 갑자기 증발해버리면 진짜 눈물흘릴거같습닌다. 2. 기타 첨부(스크린샷 / 동영상 등):  

",키타산 리세 때문에 로그인 시 우려되는 깡통카계로의 대책으로 UID와 비밀번호를 이용한 로그인 옵션을 추가해주시기 바랍니다. 돈을 투자한 뒤 갑작스런 소실로 인한 피해를 방지해주세요.
42,801,기능 조기도입 관련 질문,0,153,23.06.08,https://cafe.daum.net/umamusume-kor/ZaXF/801,-0.5,"1. 건의 내용: 일본서버는 육성 종료후 다시 육성할려고 시나리오 선택 햇을때 이전번 육성에서 선택하엿던 부모인자, 서포트카드 렌탈이 그대로 등록되어잇던데 해당기능이 1주년 패치를 기준으로 도입될 예정이 잇나요? 2. 기타 첨부(스크린샷 / 동영상 등):  

",요약: 일본서버에서 육성 재개 시 이전에 선택한 부모인자와 서포트카드 렌탈이 그대로 등록되는 기능이 1주년 패치 이후 도입될 예정인가요?
43,800,패키지 상품 만들어주세요,2,254,23.06.08,https://cafe.daum.net/umamusume-kor/ZaXF/800,0.8,"1. 건의 내용:  주간 및 월간 패키지 상품을 만들어주세요! 다른 게임들 같은 경우 주간 및 월간 패키지가 있습니다.  대표적으로 블루아카이브라는 게임이 있는데 천장 시스템은 우마무스메와 같은 200 뽑기 후 뽑기 재화를 통해 교환하여 캐릭터를 얻습니다.  하지만 과금 부담감은 상당히 차이가 납니다. 블루아카이브 같은 경우 연령이 어린 10, 20대 초반 친구들 같은 경우도 많이 즐기는 이유가 패키지에 있다고 해도 과언이 아니죠. 반대로 우마무스메 같은 경우 패키지 상품이 없어서  효율성 없어보이는 뽑기 재화 상품들을 구매해야 되는데 이게 상당히 부담도 되고 10, 20대 그리고 30대 이상 분들이 보기에도  그런 상품을 주기적으로 구매하기보다는 성능 우마무스메나 서포트 카드가 나올 때만 과금하게되고, 더 이상 과금하기 부담스럽습니다. 그래서 우마무스메가 앞으로 출시하는 게임 또는 현재 경쟁하고 있는 타게임들과에서 경쟁력이 생기려면 패키지 상품이 필요하다 생각합니다 패키지 상품이 나온다 해서 매출이 줄어들 수있다 생각하신다면 그건 너무 짧게 생각하는게 아닌게 싶습니다. 마트나 편의점드에서 할인 상품 또는 1+1 같은 미끼 상품을 내놓는다 매출이 줄어드는게 아닙니다. 편의점 같은 경우 1+1 상품도 사고 다른 상품도 같이 한두개 사게 되니 결국에는 더 이득을 남기게 됩니다. 그러니 주기적으로 구매할 수 있는 월간 주간 패키지 상품이 추가되면 유저 입장에서도 운영팀 입장에서도 좋을듯합니다 블루아카이브나 다른 게임 커뮤티에서 우마무스메 과금 상품 의견을 봤을때 현재 우마무스메 과금 상품은 접근성을 떨어진다고 보는게 맞는거 같습니다. 부디 영업팀 분들과 의견 조율이 잘되어서 패키지 상품이 추가 되면 좋겠습니다. 2. 기타 첨부(스크린샷 / 동영상 등): 초보자 패키지초보자 패키지 2월정액 패키지 2종월정액 패키지 3월간 패키지 주간 패키지자세한 패키지 설명 및 분석은 https://gall.dcinside.com/m/projectmx/4937347블루아카 과금가이드 v2 - 블루 아카이브 마이너 갤러리안내사항1. 해당 글은 블루아카이브 한국 서버의 패키지 상품을 다루었으며, 일본 서버와는 가격 또는 구성이 일부 상이할 수 있으므로 유의할 것2. 해당 글은 글 하단의 최종 작성일을 기준으로gall.dcinside.com확인하시고 분석해서 비슷한 효율의 패키지 상품을 주시면 좋겠습니다

","게임 내에 주간 및 월간 패키지 상품을 추가해주세요. 기존의 상품은 부담이 크고 효율성이 떨어지기 때문에, 패키지 상품이 필요합니다. 패키지 상품을 추가하면 매출이 줄어들지 않을 뿐더러 유저와 운영팀 양쪽 모두에게 좋을 것입니다. 패키지 상품에 대한 자세한 설명과 분석은 링크를 참고해주세요."
44,799,6월 1주차 건의사항에 대한 안내,1,367,23.06.07,https://cafe.daum.net/umamusume-kor/ZaXF/799,0.7,"안녕하세요. 트레이너님.CM게이트입니다. 6월 1주차(5월 30일 ~ 6월 6일) 건의 게시판으로 등록해 주신 의견에 대해다시 한번 정리하여 답변드립니다. 게임 개선을 위한 건의사항이라 판단하기 어려운 내용은 답변이 제외되며, 오류 제보는 별도로 오류 게시판을 통해 안내해 드리겠습니다.  [업데이트]•홈 화면에서 확인할 수 있는 공식카페 화면을 더 키워주세요.말씀해주신 인게임 내 공식 카페 노출 화면 크기 조정에 관해 확인해 보겠습니다. •사진 찍기 기능을 조기도입 해주세요.말씀해 주신 기능의 조기 도입 여부에 대해 확답드리기 어렵지만, 가능 여부를 확인할 수 있도록 하겠습니다. •PC 버전 클라이언트 출시가 늦을것 같습니다, 구글 플레이 버전 출시를 건의합니다.현재 PC 버전 클라이언트는 안정성을 중점으로 개발이 진행되고 있으며,내부에서 다양한 테스트가 진행되고 있습니다. 이후, Google Play 게임즈에서의 플레이 지원 또한 검토가 진행될 수 있으나,가능 여부에 대해서는 확답을 드리기 어려운 점 참고 부탁드립니다.[기타]•오프라인 행사 진행 시 행사 지역과 거리가 먼 분들을 위해 관련 공지를 더 빠르게 올려주세요.건의해 주신 내용은 이후 오프라인 행사 진행 시에도 적극 참고할 수 있도록 하겠습니다.추가로, 6월 9일 진행 예정인 1st Anniversary 상세 공지사항은 6월 2일 [공지사항]을 통해 안내드렸습니다. •사전예약 보상으로 이모티콘을 배포해주시거나 판매 부탁드립니다.카카오게임즈는 게임 사업 이외에는 권리가 없어, 게임 외 콘텐츠에 대한 주도적인 진행은 어려운 점 양해 부탁드립니다.   우마무스메 프리티 더비에 많은 관심과 사랑을 보내주시는 트레이너님들께 진심으로 감사드리며소중한 의견들은 꼼꼼히 확인하여 더 좋은 모습 보여드리기 위해 최선을 다하겠습니다. 추가로 공식 카페 일부 게시판 조정 안내 공지에서 안내해드린 내용과 같이 건의 게시판의 건의 감소로 본 건의사항 안내 공지 주기가 주 1회에서 월 1회로 변경됩니다.  트레이너님의 소중한 의견은 매일 확인하여 검토하고 있으며댓글 안내는 변함없이 월~금 1일 1회 진행되오니, 이후로도 소중한 의견 전달 부탁드립니다. 감사합니다.

","6월 1주차 건의사항에 대한 답변을 드립니다. 홈 화면에서 공식카페 화면 크기를 늘리는 것과 사진 찍기 기능 도입 여부에 대해서 확인할 것이며, PC 버전 클라이언트 출시와 오프라인 행사에 대한 공지를 개선할 것입니다. 이모티콘 배포나 판매는 카카오게임즈의 권한에 따라 어려울 수 있으며, 건의 게시판의 주기가 월 1회로 변경될 예정입니다. 감사합니다."
45,798,1주년 오프라인 페스티벌 행사 관련 건의입니다,0,141,23.06.06,https://cafe.daum.net/umamusume-kor/ZaXF/798,-0.4,"1. 건의 내용: 우마무스메를 일본서버에서 부터 지금까지 쭉 플레이 해온 코스튬 플레이어입니다공지사항에 올려져있는 1주년 오프라인 행사글을 천천히 살펴 보았습니다개최하는 행사 규모에 비해 입장하는 인원수가 많을 수 있기에 혼잡할 수도 있고, 만약 입장시간이 10시부터이며, 야외에서 해당시간까지 대기를 해야 하게 된다면, 입장 이전시간까지 유저분들이 뙤약볕에서 기다리셔야 하는 상황이 될 수 있고, 현재 더운 날씨이기 때문에 사고 방지차원에서 2가지의 건의글을 쓰게 되었습니다 1. 야외쪽에서 입장대기를 하게 되면, 최소한 얼음물 지급 or 천막 설치를 부탁드리겠습니다 2. 유저분들이 줄을 잘 지켜주시리라 믿지만, 만일을 위해 인원통제를 철저하게 부탁드리고 싶습니다 만일에 대비해 혹시나 인원통제 서포팅이 필요하시게 된다면 비록 코스튬 복장으로 가게 되지만 적극적으로 서포팅 하겠습니다2. 기타 첨부(스크린샷 / 동영상 등):  

","1. 우마무스메 일본서버 코스튬 플레이어로서 1주년 오프라인 행사의 혼잡 문제에 대한 건의사항입니다. 야외에서 대기하는 경우, 얼음물 지급이나 천막 설치를 요청하며, 줄을 지키기 위한 인원통제에 대한 서포트를 요청합니다."
46,797,구글 플레이버전 안내주시나요,0,175,23.06.06,https://cafe.daum.net/umamusume-kor/ZaXF/797,-0.1,"PC버전 올해 내에도 안나올거같은데 걍 렉이 덜한 구글 플레이나 후딱 만들어서 내는게 낫지 않을까요

",올해에 PC 버전이 출시되지 않을 것 같으므로 구글 플레이 버전을 빨리 출시하는 것이 좋을 것 같습니다.
47,796,사진찍기 기능 추가 건의,0,148,23.06.06,https://cafe.daum.net/umamusume-kor/ZaXF/796,0.6,"1. 건의 내용:  2. 기타 첨부(스크린샷 / 동영상 등): 예시들 

","1. 건의 내용과 함께 기타 첨부자료(스크린샷, 동영상 등)도 함께 제출해주세요."
48,795,크기 조절,0,62,23.06.06,https://cafe.daum.net/umamusume-kor/ZaXF/795,0.4,"홈 화면에서 편지 버튼(?)을 눌렀을 때 나오는 화면을 크게 해주세요

","""홈 화면에서 편지 버튼을 눌렀을 때 더 큰 화면으로 표시되도록 변경해주세요."""
49,794,이모티콘 주세요,0,97,23.06.05,https://cafe.daum.net/umamusume-kor/ZaXF/794,0.5,"1. 건의 내용: 사전예약 보상으로 이모티콘주세요 아니면 좀 팔던가!!!!!!!!!!!!!!!!!!!!!!!!!!!!!!!!!!!!!!!! 2. 기타 첨부(스크린샷 / 동영상 등):  

",사전예약 보상으로 이모티콘을 제공하거나 팔아주세요.
